search_keyword,Company Name,Company Phone,Rating,Review,Company Website,Company Address,address1,city,state,zip,zip_plus,country
Plumber 10001,X Y T Plumbing & Heating Chelsea,16465880266,4.9,73,https://xytplumbingheatingchelsea.com/,"125 W 33rd St, New York, NY 10001, United States",125 W 33rd St,New York,NY,10001,,United States
Plumber 10002,Ludlow Plumbing,16463701338,4.7,23,,"26 Ludlow St, New York, NY 10002, United States",26 Ludlow St,New York,NY,10002,,United States
Plumber 10002,Boris Mechanical,12122602006,4.3,34,http://www.borismechanical.com/,"465 Grand St, New York, NY 10002, United States",465 Grand St,New York,NY,10002,,United States
Plumber 10001,Plumbing emergency service 24 7,19176037751,4.8,59,,"25-81 34th St, Astoria, NY 11103, United States",25-81 34th St,Astoria,NY,11103,,United States
Plumber 10024,Arc Plumbing & Heating Inc,12128730768,1.0,1,,"234 W 81st St, New York, NY 10024, United States",234 W 81st St,New York,NY,10024,,United States
Plumber 10011,Plumbing NYC,16465807524,4.7,23,https://plumbingnyc.com/,"510 W 45th St apt 11g, New York, NY 10036, United States",510 W 45th St apt 11g,New York,NY,10036,,United States
Plumber 10009,Tompkins Plumbing and Heating .,12123773044,,,http://tompkinsplumbingandheating.info/,"211 E 4th St, New York, NY 10009, United States",211 E 4th St,New York,NY,10009,,United States
Plumber 10009,A&E NYC Plumbing,16463927164,5.0,65,https://www.topplumbernyc.com/,"40 Fulton St, New York, NY 10038, United States",40 Fulton St,New York,NY,10038,,United States
Plumber 10024,Water Flow Plumbing & Heating LLC,12018950032,5.0,116,https://www.instagram.com/waterflowplumbingllc/,,,,,,,
Plumber 10025,Emergency Response Plumbing Heating Sewer and Drain Cleaning,12018354259,4.9,79,http://erplumbers.net/,,,,,,,
Plumber 10025,24/7 Plumber NYCity Sewer & Drain cleaning,16463535381,5.0,126,http://nycitysewer.com/,,,,,,,
Plumber 10024,Pemati Plumbing Services LLC,16468061231,5.0,21,http://pematiservices.com/,"888 8th Ave #3T, New York, NY 10019, United States",888 8th Ave # 3T,New York,NY,10019,,United States
Plumber 10024,ASAP Solutions,19176840088,4.3,17,,,,,,,,
Plumber 10002,Demar Plumbing Corporation,12126149717,3.3,45,https://demarnyc.com/,"147 Attorney St, New York, NY 10002, United States",147 Attorney St,New York,NY,10002,,United States
Plumber 10003,Tucker & Sons Plumbing,16466877277,4.4,20,,"344 E 59th St #9100, New York, NY 10022, United States",344 E 59th St # 9100,New York,NY,10022,,United States
Plumber 10003,"24 Hour Emergency Plumbing, Drain Cleaning, Boiler Repair, Boiler & Hot Water Heater Replacement",15183354282,4.9,203,http://www.plumbingandhomerepair.com/,"805 Maple St, Brooklyn, NY 11203, United States",805 Maple St,Brooklyn,NY,11203,,United States
Plumber 10003,"Petri Plumbing, Heating, Cooling & Drain Cleaning",16466049330,4.6,706,https://www.petriplumbing.com/?utm_source%3Dgoogle%26utm_medium%3Dgmb%26utm_campaign%3Dlocal,"901 Bay Ridge Ave, Brooklyn, NY 11219, United States",901 Bay Ridge Ave,Brooklyn,NY,11219,,United States
Plumber 10024,Off Boradway Plumbing and Heating,12123772748,1.0,1,http://offboradwayplumbingandheating.info/,"215 W 92nd St, New York, NY 10025, United States",215 W 92nd St,New York,NY,10025,,United States
Plumber 10024,CN Coterie,16468012212,4.9,59,http://www.cncoterie.com/,,,,,,,
Plumber 10009,M & T Plumbing & Heating Co Inc,12126736700,3.0,4,http://www.mtplumbing.com/,"120 E 13th St, New York, NY 10003, United States",120 E 13th St,New York,NY,10003,,United States
Plumber 10002,New York Rooter Drain & Sewer Cleaning,17185718681,4.7,37,https://newyorkrooter.com/,,,,,,,
Plumber 10003,The Drain Doc sewer & Drain specialists,17189128816,4.9,30,https://draindocplumbing.nyc/?utm_source%3Dgoogle%26utm_medium%3Dorganic%26utm_campaign%3Dgmblisting,"1958 78th St, Brooklyn, NY 11214, United States",1958 78th St,Brooklyn,NY,11214,,United States
Plumber 10002,Dyckman Plumbing & Heating,12122190112,3.8,4,,"250 Grand St #3, New York, NY 10002, United States",250 Grand St # 3,New York,NY,10002,,United States
Plumber 10011,Fort Greene Plumbing and Heating Services,13476695411,4.4,7,http://www.fortgreeneplumbingandheating.com/,,,,,,,
Plumber 10011,Gene Johnson Plumbing,12067927495,4.8,"2,686",http://genejohnsonplumbing.com/,"10011 Greenwood Ave N, Seattle, WA 98133, United States",10011 Greenwood Ave N,Seattle,WA,98133,,United States
Plumber 10011,RR Plumbing Roto-Rooter,17184850207,4.7,"1,312",https://www.rotorooter.com/brooklynny/?utm_source%3Dgoogle%26utm_medium%3Dorganic%26utm_campaign%3Dgmb%26utm_content%3Dwebsite,"557 17th St Ste A, Brooklyn, NY 11215, United States",557 17th St Ste A,Brooklyn,NY,11215,,United States
Plumber 10003,24 HR Emergency Plumber NYC INC,13472272965,4.8,19,https://24hremergencyplumber.info/nyc/,"325 E 115th St ste 405, New York, NY 10029, United States",325 E 115th St ste 405,New York,NY,10029,,United States
Plumber 10014,Eco Plumbing Heating & Air Conditioning,12014250747,4.7,61,https://www.ecoplumbinghvac.com/,,,,,,,
Plumber 10024,Amanda Plumbing,12129371146,5.0,1,,"150 W 96th St, New York, NY 10025, United States",150 W 96th St,New York,NY,10025,,United States
Plumber 10003,Original 718 Sewer & Drain Inc.,17187294995,4.7,79,https://www.plumberinqueens.com/,"61-46 70th St, Middle Village, NY 11379, United States",61-46 70th St,Middle Village,NY,11379,,United States
Plumber 10003,"American Way Plumbing, Heating & Air Conditioning",12018654440,4.0,44,http://plumbingheatingcoolingnj.com/service-area/jersey-city-nj-plumber-heating-air-conditioning-service-repair-installation/,,,,,,,
Plumber 10003,Brooklyn Heating and Plumbing,16469893795,5.0,7,https://brooklynplumbingheating.com/,,,,,,,
Plumber 10003,99.95 sewer service,17185289995,5.0,7,http://www.9995sewerservice.com/,,,,,,,
Plumber 10011,Ashland Plumbing Corporation,12129891320,3.7,3,,"242 W 20th St, New York, NY 10011, United States",242 W 20th St,New York,NY,10011,,United States
Plumber 10011,24 Hour Plumber NYC,16468685918,3.4,5,http://24hourplumber.nyc/,,,,,,,
Plumber 10002,All Rooter Plumbing n Air,19295616204,5.0,3,http://allrooterplumbingnair.com/,"88 Eldridge St, New York, NY 10002, United States",88 Eldridge St,New York,NY,10002,,United States
Plumber 10014,Best Plumbing and Heating Company NY,12123773051,,,http://www.varickstreetplumbingandheating.info/contactus.html,"200 Varick St, New York, NY 10014, United States",200 Varick St,New York,NY,10014,,United States
Plumber 10002,"Bluewater Plumbing, Heating and Air Conditioning",,4.0,41,https://www.plumbing4nyc.com/,,,,,,,
Plumber 10011,"Taylor Group Plumbing, Heating, Mechanical & Sprinkler",18559801774,3.0,7,https://taylorgroupplumbing.com/?utm_campaign%3Dgbp%26utm_id%3Dnew-york,"36 W 20th St, New York, NY 10011, United States",36 W 20th St,New York,NY,10011,,United States
Plumber 10003,Brooklyn Emergency Plumbing Squad,17186351696,4.2,6,https://www.emergencyplumbingsquad.com/,,,,,,,
Plumber 10003,Citywide Sewer-Drain & Plumbing Corp,18003102564,4.7,653,http://citywideplumbers.com/,"100 Voice Rd, Carle Place, NY 11514, United States",100 Voice Rd,Carle Place,NY,11514,,United States
Plumber 10003,NYC Mechanical Services,16464534530,5.0,10,http://www.nycmechanicalservices.com/,,,,,,,
Plumber 10003,Pipe Monkeys Sewer and Drain,17187491830,4.9,56,https://pipemonkeys.com/,,,,,,,
Plumber 10003,First Aid Sewer Cleaning,19296511129,5.0,14,http://firstaidsewercleaning24hr.com/,,,,,,,
Plumber 10011,Amkor Plumbing,12129371126,,,,"318 W 16th St, New York, NY 10011, United States",318 W 16th St,New York,NY,10011,,United States
Plumber 10014,Sprint Plumber Co,16463280710,5.0,2,,"403 6th Ave, New York, NY 10014, United States",403 6th Ave,New York,NY,10014,,United States
Plumber 10011,Michael Donahue Plumbing & Heating,17186250847,4.8,22,https://mdonahueplumbing.com/,"34 Otsego St, Brooklyn, NY 11231, United States",34 Otsego St,Brooklyn,NY,11231,,United States
Plumber 10002,A Good Plumber Corp.,13477543411,4.8,371,https://agoodplumber.com/,"2114 E 27th St, Brooklyn, NY 11229, United States",2114 E 27th St,Brooklyn,NY,11229,,United States
Plumber 10003,All Piping and Heating Inc.,13477683704,4.4,14,http://www.allpipingandheating.com/,,,,,,,
Plumber 10003,The Gramercy Handyman,13473495612,5.0,11,https://thegramercyhandyman.com/,"145 E 15th St, New York, NY 10003, United States",145 E 15th St,New York,NY,10003,,United States
Plumber 10003,All Year Plumbing Heating and Air Conditioning,12018347558,4.3,6,https://allyearplumbing.com/map/hoboken/,,,,,,,
Plumber 10011,Efemex Plumbers,13474740226,4.0,1,,,,,,,,
Plumber 10011,Utd Plumbing & Heating Hoboken,12013126470,4.8,20,https://utdplumbing.com/,,,,,,,
Plumber 10011,Blaustein Plumbing,12129256250,4.8,4,http://www.blausteinplumbing.com/,,,,,,,
Plumber 10003,Racso Plumbing & Heating LLC,18777921080,4.9,50,https://www.racsoplumbing.com/,,,,,,,
Plumber 10011,Matthew's emergency plumbing,19145270802,5.0,3,,,,,,,,
Plumber 10011,S Tieger Plumbing Co Inc,17186016299,4.3,35,http://www.tiegerplumbing.com/,"461 W 261st St, Bronx, NY 10471, United States",461 W 261st St,Bronx,NY,10471,,United States
Plumber 10011,Schaaf Plumbing & Heating Inc,12019454992,4.9,183,https://schaafplumbing.com/,"586 Bergen Blvd, Ridgefield, NJ 07657, United States",586 Bergen Blvd,Ridgefield,NJ,07657,,United States
Plumber 10003,East Village Handyman Services,19293571612,5.0,43,,,,,,,,
Plumber 10002,Orchard Plumbing and Heating,12123772749,,,http://orchardplumbingandheating.info/,"189 Orchard St, New York, NY 10002, United States",189 Orchard St,New York,NY,10002,,United States
Plumber 10002,WaterHouse Toilet Repair,12127773002,5.0,1,https://toiletrepair.nyc/,"195 Stanton St, New York, NY 10002, United States",195 Stanton St,New York,NY,10002,,United States
Plumber 10003,Brooklyn Plumbing Nyc,13322678395,5.0,2,,"64 4th Ave #160, Brooklyn, NY 11217, United States",64 4th Ave # 160,Brooklyn,NY,11217,,United States
Plumber 10011,Chelsea Plumbing Heating and Cooling,12122931393,,,http://chelseaplumbingheatingandcooling.info/,"236 8th Ave, New York, NY 10011, United States",236 8th Ave,New York,NY,10011,,United States
Plumber 10011,24hoursPlumberNYC,18006743574,,,http://24hoursplumbernyc.com/,"421 8th Ave, New York, NY 10116, United States",421 8th Ave,New York,NY,10116,,United States
Plumber 10011,"HAYS 24/7- (Plumber, appliances repair, electrician)",12122222770,5.0,2,https://www.hays-nyc.com/,,,,,,,
Plumber 10002,Henry Plumbing & Drain Cleaning,12123772622,,,http://henryplumbinganddraincleaning.info/,"29 Henry St, New York, NY 10002, United States",29 Henry St,New York,NY,10002,,United States
Plumber 10002,"New York Plumbing, Heating & Cooling Corp.",17184416800,3.8,28,http://www.nyplumbing.com/,"87-71 Lefferts Blvd, Richmond Hill, NY 11418, United States",87-71 Lefferts Blvd,Richmond Hill,NY,11418,,United States
Plumber 10011,Unclog NYC,18886686256,,,https://unclognyc.com/,,,,,,,
Plumber 10002,Kirill's Sink and Shower Repair,17186736467,5.0,10,http://nycsinkandshower.com/,,,,,,,
Plumber 10002,1st Fresno Plumbing,15595521406,5.0,6,,"7225 N First St # 101, Fresno, CA 93720, United States",7225 N First St # 101,Fresno,CA,93720,,United States
Plumber 10002,Moon Lau Plumbing,12122266267,,,,"15 Ludlow St, New York, NY 10002, United States",15 Ludlow St,New York,NY,10002,,United States
Plumber 10003,Me Plumbing & Heating Services,17184197752,3.7,3,,,,,,,,
Plumber 10011,Kitchen Sink Repair & Installation,12014646372,5.0,9,http://aladdinplumbing.com/,,,,,,,
Plumber 10003,MKC Plumbing & Heating,19174762998,5.0,7,,,,,,,,
Plumber 10003,NY HVAC Services,17185512029,4.7,43,http://www.nyhvacservicesinc.com/,,,,,,,
Plumber 10002,Tsung Tsin Association,12129254920,4.6,9,,"1 Division St, New York, NY 10002, United States",1 Division St,New York,NY,10002,,United States
Plumber 10003,NYC Drain Cleaning,12126410256,5.0,3,http://www.4995nyc.com/,"118 E 28th St # 308, Manhattan, NY 10016, United States",118 E 28th St # 308,Manhattan,NY,10016,,United States
Plumber 10002,Five Boroughs Sewer & Drain Service Inc.,13476549666,4.2,5,,,,,,,,
Plumber 10002,ADS Plumbing and Heating,17187691800,4.7,6,http://www.adsplumbingandheating.com/,"6402 20th Ave, Brooklyn, NY 11204, United States",6402 20th Ave,Brooklyn,NY,11204,,United States
Plumber 10002,CDC Plumbing & Heating Corporation,12122268320,,,,"22 Rutgers St # 1, New York, NY 10002, United States",22 Rutgers St # 1,New York,NY,10002,,United States
Plumber 10002,edi plumbing and air conditioning,17184400333,,,https://edi-plumbing-and-air-conditioning.business.site/?utm_source%3Dgmb%26utm_medium%3Dreferral,"290 Grand St, New York, NY 10002, United States",290 Grand St,New York,NY,10002,,United States
Plumber 10003,24 Hour Emergency Plumber NYC - Brooklyn,13474620214,5.0,4,https://www.24houremergencyplumbernyc.com/brooklyn/,"915 43rd St, Brooklyn, NY 11219, United States",915 43rd St,Brooklyn,NY,11219,,United States
Plumber 10003,Abergel Plumbing,12129371132,,,,"211 E 19th St, New York, NY 10003, United States",211 E 19th St,New York,NY,10003,,United States
Plumber 10002,Top Riverside Plumbing Company,19513967956,4.8,5,,"7028 Indiana Ave, Riverside, CA 92506, United States",7028 Indiana Ave,Riverside,CA,92506,,United States
Plumber 10003,AM/PM Plumbing and Heating Supply,17183812845,4.6,5,http://ampmsupply.com/,,,,,,,
Plumber 10003,24 Seven Plumbing Inc,17186806200,4.8,5,https://www.24sevenplumbing.nyc/,"211 53rd St, Brooklyn, NY 11220, United States",211 53rd St,Brooklyn,NY,11220,,United States
Plumber 10002,Allen Plumbing Sewer and Drain,12122930794,,,http://allenplumbingseweranddrain.info/aboutus.php,"6 Allen St, New York, NY 10002, United States",6 Allen St,New York,NY,10002,,United States
Plumber 10011,Bright Star Plumber,13474614967,1.8,5,,"480 6th Ave #234, New York, NY 10011, United States",480 6th Ave # 234,New York,NY,10011,,United States
Plumber 10011,Gene Johnson Plumbing & Heating,12067927495,4.7,386,https://www.genejohnsonplumbing.com/,"8004 Mukilteo Speedway Unit 1, Mukilteo, WA 98275, United States",8004 Mukilteo Speedway Unit 1,Mukilteo,WA,98275,,United States
Plumber 10002,Mark Henry Plumbing and Heating Corp,17183067926,5.0,19,https://locallaw152inspection.com/,"104-24 Jamaica Ave, Queens, NY 11418, United States",104-24 Jamaica Ave,Queens,NY,11418,,United States
Plumber 10002,AJ Plumbing Supplies,12122193826,4.1,34,,"86 Forsyth St, New York, NY 10002, United States",86 Forsyth St,New York,NY,10002,,United States
Plumber 10003,Victor Plumbing & Heating Corp | Top plumbers in Manhattan | Plumbing Service in manhattan,19293886498,,,,"82 Nassau St #700, New York, NY 10038, United States",82 Nassau St # 700,New York,NY,10038,,United States
Plumber 10003,Original 49.95 Plumbing,17184444995,5.0,1,http://www.original4995plumbing.com/,,,,,,,
Plumber 10003,Bright Star Plumber,13474614967,2.3,3,,,,,,,,
Plumber 10003,A & L Cesspool Services Corporation,17187293018,3.4,52,http://www.alcesspool.com/,,,,,,,
Plumber 10003,Drainers Pro Emergency & Maintenance,13476992659,3.7,3,,,,,,,,
Plumber 10011,New Millennium Plumbing & Heating,12122692533,5.0,1,,"80 Wall St # 211, New York, NY 10005, United States",80 Wall St # 211,New York,NY,10005,,United States
Plumber 10011,"La Grassa Plumbing, LLC",19145579902,,,,,,,,,,
Plumber 10011,KOHLER Experience Center by Best Plumbing Supply,12123373224,4.0,66,https://www.kohler.com/en/locations/new-york/new-york-city/kohler-experience-center-by-best-plumbing-supply,"6 W 22nd St, New York, NY 10010, United States",6 W 22nd St,New York,NY,10010,,United States
Plumber 10011,Homeland plumbing heating & drain cleaning,12015971048,5.0,3,,,,,,,,
Plumber 10011,Emg Plumber NYC,16467360050,,,,,,,,,,
Plumber 10011,Plumbing and Heating,12123772689,5.0,1,http://maidenlaneplumbingandheating.info/contactus.html,"21 Maiden Ln, New York, NY 10038, United States",21 Maiden Ln,New York,NY,10038,,United States
Plumber 10002,AAA Total Plumbing,12124313833,5.0,1,http://aaatotal.com/,"58 Orchard St, New York, NY 10002, United States",58 Orchard St,New York,NY,10002,,United States
Plumber 10003,Hi-Tech Plumbing & Heating Company in USA,19175205415,5.0,2,,"33-10 31st Ave, Astoria, NY 11106, United States",33-10 31st Ave,Astoria,NY,11106,,United States
Plumber 10003,Kams Mechanical llc,13478632519,5.0,1,http://www.kamsplumbing.com/,,,,,,,
Plumber 10011,AAA Advanced Plumbing,12018685353,,,,,,,,,,
Plumber 10011,Losman Plumbing & Heating Inc.,12126840904,,,,"276 5th Ave, New York, NY 10001, United States",276 5th Ave,New York,NY,10001,,United States
Plumber 10011,SYDNEY QUALITY PLUMBING,61291880896,,,http://sydneyqualityplumbing.com.au/,"310 W 14th St Street #21, New York, NY 10010, United States",310 W 14th St Street # 21,New York,NY,10010,,United States
Plumber 10011,Plumber NYC,12122222220,,,,"608 9th Ave, New York, NY 10036, United States",608 9th Ave,New York,NY,10036,,United States
Plumber 10011,MasterFlow Plumbing Experts,19173969796,,,https://plumber-electrician-palma.business.site/?utm_source%3Dgmb%26utm_medium%3Dreferral,,,,,,,
Plumber 10003,Broadway Plumbing and Sewer,12122931151,4.0,1,http://broadwayplumbingandsewer.info/,"4211 Broadway, New York, NY 10033, United States",4211 Broadway,New York,NY,10033,,United States
Plumber 10003,111 All Plumbing,12129371137,5.0,2,,"82 E 57th St, New York, NY 10022, United States",82 E 57th St,New York,NY,10022,,United States
Plumber 10003,five boro,12122290555,,,https://five-boro.business.site/?utm_source%3Dgmb%26utm_medium%3Dreferral,"21 E 12th St, New York, NY 10003, United States",21 E 12th St,New York,NY,10003,,United States
Plumber 10011,Master Fire Mechanical,12123978181,5.0,1,http://www.masterfiremechanical.com/,,,,,,,
Plumber 10003,A E Supply,12122607000,4.5,14,,"18 2nd Ave, New York, NY 10003, United States",18 2nd Ave,New York,NY,10003,,United States
Plumber 10002,Flow Plumbing,17186738762,5.0,3,https://flowplumbingservices.com/,,,,,,,
Plumber 10002,Metro Plumbing & Heating Inc.,,4.2,5,,"221 Johnson Ave, Brooklyn, NY 11206, United States",221 Johnson Ave,Brooklyn,NY,11206,,United States
Plumber 10002,Arch Plumbing & Heating Corp,12129258500,,,https://archplumbingheating.com/,"83 Hester St, New York, NY 10002, United States",83 Hester St,New York,NY,10002,,United States
Plumber 10011,Centre Plumbing and Heating,12122931330,5.0,2,http://centreplumbingandheating.info/,"233 Centre St, New York, NY 10013, United States",233 Centre St,New York,NY,10013,,United States
Plumber 10002,A&A Plumbing and Heating,19176826815,5.0,7,http://aaplumb.org/,"11-03 154th St, Whitestone, NY 11357, United States",11-03 154th St,Whitestone,NY,11357,,United States
Plumber 10011,NYC Plumbing Repair,12129963425,,,,,,,,,,
Plumber 10011,CBJ Plumbing Union City NJ,12018751054,4.3,6,http://www.unioncityplumbers.com/,,,,,,,
Plumber 10011,Star Plumbers New York,19295774429,5.0,1,http://starplumbersnewyork.com/,"19 E 17th St, New York, NY 10003, United States",19 E 17th St,New York,NY,10003,,United States
Plumber 10003,Bushwick Plumbing and HVAC,17187178341,5.0,2,https://bushwick-plumbing-and-hvac.business.site/?utm_source%3Dgmb%26utm_medium%3Dreferral,,,,,,,
Plumber 10011,Zoom Drain,12063095645,4.9,611,https://www.zoomdrain.com/seattle/schedule-service/?utm_source%3DGMB%26utm_medium%3Dorganic%26utm_campaign%3Dseattle,"10011 Greenwood Ave N, Seattle, WA 98133, United States",10011 Greenwood Ave N,Seattle,WA,98133,,United States
Plumber 10003,Premiere Rooter and Plumbing NYC,16467376571,5.0,5,https://premiererooterandplumbingnyc.com/,,,,,,,
Plumber 10003,"Quality Plumbing Services, Inc.",16302270200,4.8,108,http://www.qualityplumbingchicago.com/,"310 S La Londe Ave, Addison, IL 60101, United States",310 S La Londe Ave,Addison,IL,60101,,United States
Plumber 10003,Asher Plumbing,12129371145,5.0,1,,"114 E 16th St, New York, NY 10003, United States",114 E 16th St,New York,NY,10003,,United States
Plumber 10003,East Village Plumbing and Heating,12122931495,1.0,2,http://eastvillageplumbingandheating.info/,"321 E 9th St, New York, NY 10003, United States",321 E 9th St,New York,NY,10003,,United States
Plumber 10003,St Marks Plumbing & Heating,12123772866,,,,"24 St Marks Pl, New York, NY 10003, United States",24 St Marks Pl,New York,NY,10003,,United States
Plumber 10002,Alfonnco Plumbing,12129371170,,,,"327 Grand St, New York, NY 10002, United States",327 Grand St,New York,NY,10002,,United States
Plumber 10003,AG NYC Plumbing and Heating,,5.0,1,,"18 2nd Ave, New York, NY 10003, United States",18 2nd Ave,New York,NY,10003,,United States
Plumber 10003,"A Real Good Plumber, Inc.",12125051837,4.1,16,https://arealgoodplumber.com/,"910 Grand St, Brooklyn, NY 11211, United States",910 Grand St,Brooklyn,NY,11211,,United States
Plumber 10002,Zano Plumbing & Heating,19292935966,5.0,5,,,,,,,,
Plumber 10002,Best For Less Sewer & Drain Cleaning,13473726245,4.5,73,http://www.bestforlessseweranddrainservice.com/,,,,,,,
Plumber 10002,JTG Master Plumbing,17185855002,4.8,89,https://www.jtgmp.com/,"752 E 137th St, Bronx, NY 10454, United States",752 E 137th St,Bronx,NY,10454,,United States
Plumber 10002,Ami Plumbing,12129371172,5.0,1,,"127 E Broadway, New York, NY 10002, United States",127 E Broadway,New York,NY,10002,,United States
Plumber 10002,Master sewer & drains,17184045692,5.0,9,http://mastersewers.com/,,,,,,,
Plumber 10002,Prospect Park Plumbing and Heating Services,13473787106,5.0,13,http://prospectplumbingandheating.com/,,,,,,,
Plumber 10002,Down The Line Sewer Drains and Piping,17188444261,5.0,9,https://down-the-line-sewer-drains-and-piping.business.site/?utm_source%3Dgmb%26utm_medium%3Dreferral,,,,,,,
Plumber 10011,247 Manhattan Sewer Cleaning,12122477277,5.0,6,http://247manhattansewercleaningnyc.com/,"333 W 52nd St #900, New York, NY 10019, United States",333 W 52nd St # 900,New York,NY,10019,,United States
Plumber 10011,Mr flush sewer and Drain,15165909546,5.0,2,http://www.mrflush.co/,,,,,,,
Plumber 10011,Allied Plumbing Services,12014160382,5.0,9,https://alliedplumbingnj.com/,,,,,,,
Plumber 10011,Seventh Ave Plumbing and Heating,12123772925,,,http://seventhaveplumbingandheating.info/contactus.html,"119 7th Ave, New York, NY 10011, United States",119 7th Ave,New York,NY,10011,,United States
Plumber 10002,Sewer and Drain Cleaning,19173255214,5.0,3,,,,,,,,
Plumber 10011,Gotham Plumbing Corp,19172614063,,,http://www.gothampl.com/,"80 8th Ave, New York, NY 10011, United States",80 8th Ave,New York,NY,10011,,United States
Plumber 10002,Abuve Plumbing,12129371167,5.0,1,,"69 Orchard St, New York, NY 10002, United States",69 Orchard St,New York,NY,10002,,United States
Plumber 10002,NYC Sewer and Drain Pro Solutions,17185005717,4.8,29,http://nycseweranddrain.com/,"192 Essex St, Brooklyn, NY 11208, United States",192 Essex St,Brooklyn,NY,11208,,United States
Plumber 10002,Perfect Plumbing and Heating Repairs,17187101603,5.0,15,https://perfect-plumbing.com/,,,,,,,
Plumber 10002,Tri Star Plumbing & Heating Inc,12129250006,4.5,8,,,,,,,,
Plumber 10003,"JSP Sewer & Drain Cleaning, LLC",19143824345,4.7,26,http://jspsewer.com/,,,,,,,
Plumber 10024,Tecumseh Plumbing and Heating,12123772988,,,http://tecumsehplumbingandheating.info/contactus.html,"320 Amsterdam Ave, New York, NY 10023, United States",320 Amsterdam Ave,New York,NY,10023,,United States
Plumber 10024,Handyman at your service,13477719971,3.5,11,https://www.nyhandymannyc.com/,,,,,,,
Plumber 10024,West End Plumbing and Heating,12122931595,1.0,2,http://westendplumbingandheating.info/,"55 West End Ave, New York, NY 10023, United States",55 West End Ave,New York,NY,10023,,United States
Plumber 10024,Nianday Plumbing and Heating,17186815246,4.6,10,http://www.niandayplumbingandsewer.com/,,,,,,,
Plumber 10024,Arava Plumbing,12129371141,5.0,1,,"203 Columbus Ave, New York, NY 10023, United States",203 Columbus Ave,New York,NY,10023,,United States
Plumber 10009,RXP Plumbing & Heating,16469163758,5.0,25,,"70 E 55th St, New York, NY 10022, United States",70 E 55th St,New York,NY,10022,,United States
Plumber 10009,Auto Rooter Plumbing Services,12127221200,2.0,1,,,,,,,,
Plumber 10014,Super Service Plumbers Heating and Air Conditioning,12013455128,4.7,84,https://superplumbersnj.com/services/nj/hudson-county/hoboken/,,,,,,,
Plumber 10024,Go Pro Plumbing & Heating,17187778933,4.8,21,,,,,,,,
Plumber 10024,Fred Smith Plumbing & Heating,12127441300,3.5,72,http://www.fredsmithplumbing.com/,"1674 1st Ave., New York, NY 10128, United States",1674 1st Ave.,New York,NY,10128,,United States
Plumber 10024,Aqua Blue Plumbing,12126787800,5.0,2,,,,,,,,
Plumber 10024,Hackensack Plumbing & Drain,15513628573,5.0,13,https://hackensacknjplumber.com/,"325 S River St #365, Hackensack, NJ 07601, United States",325 S River St # 365,Hackensack,NJ,07601,,United States
Plumber 10024,P & H Unlimited Plumbing and Heating,12013977287,5.0,8,https://phunlimited.com/,,,,,,,
Plumber 10024,Joeâ€™s Handyman Service Manhattan,19293571607,5.0,17,,,,,,,,
Plumber 10002,"Ariel Services, Inc.",17185579604,4.3,12,,"425 Grand St Suite #1, New York, NY 10002, United States",425 Grand St Suite # 1,New York,NY,10002,,United States
Plumber 10024,Ortiz Engineering,19172979935,,,,,,,,,,
Plumber 10014,Ste Brooklyn Drain Clean & Plumbing,13322663788,5.0,37,https://brooklyndraincleanplumber.business.site/?utm_source%3Dgmb%26utm_medium%3Dreferral,,,,,,,
Plumber 10024,New York Repairs LLC,13474287980,5.0,6,,,,,,,,
Plumber 10002,247 Sewer Cleaning NYC,16468073761,4.9,42,http://247sewercleaningnyc.com/?GMB,,,,,,,
Plumber 10002,"Taylor Group Plumbing, Heating, Mechanical & Sprinkler",18557961309,4.8,220,https://taylorgroupplumbing.com/the-bronx/?utm_campaign%3Dgbp,"720A E 136th St, Bronx, NY 10454, United States",720A E 136th St,Bronx,NY,10454,,United States
Plumber 10002,A1 24 Hour Plumbings,13474586180,4.9,23,https://247plumbinghq.com/,,,,,,,
Plumber 10014,Super Sewer Man,12127991605,5.0,14,,"3 Little W 12th St, New York, NY 10014, United States",3 Little W 12th St,New York,NY,10014,,United States
Plumber 10024,Emergency Plumber NYC,16467364811,,,,,,,,,,
Plumber 10024,Weat 70th Plumbing and Heating,12123773279,1.0,1,http://www.weat70thplumbingandheating.info/,"103 W 70th St, New York, NY 10023, United States",103 W 70th St,New York,NY,10023,,United States
Plumber 10024,UWS Heating & Cooling,16468547299,1.0,1,http://uwsheatingandcooling.com/,"203 W 85th St #303, New York, NY 10024, United States",203 W 85th St # 303,New York,NY,10024,,United States
Plumber 10024,"VP's Plumbing, Heating & Air",19143138530,5.0,2,https://www.vps-plumbing.com/bronx-new-york/?utm_source%3DGMB%26utm_medium%3Dorganic%26utm_campaign%3Dbronx,,,,,,,
Plumber 10024,Upper West Plumbing & Heating,16468624868,,,,"200 W 95th St, New York, NY 10025, United States",200 W 95th St,New York,NY,10025,,United States
Plumber 10024,Lab Plumbing & Heating Co,12122469690,5.0,4,http://labnyc.com/,"530 W 50th St, New York, NY 10019, United States",530 W 50th St,New York,NY,10019,,United States
Plumber 10024,Sideris Plumbing & Heating Corp.,17186261836,4.9,45,https://www.siderisplumbingandheating.com/,"18-24 42nd St, Queens, NY 11105, United States",18-24 42nd St,Queens,NY,11105,,United States
Plumber 10009,IMP Plumbing & Heating Corp.,12125642246,4.7,13,https://www.impplumbing.com/,"412 8th Ave 7th Floor, New York, NY 10001, United States",412 8th Ave 7th Floor,New York,NY,10001,,United States
Plumber 10024,"A.D.S. Plumbing, Inc.",18003746345,3.4,17,,,,,,,,
Plumber 10009,Franco Belli Plumbing & Heating & Sons,17189654976,4.6,58,http://www.francobelli.com/,"165 2nd Ave, Brooklyn, NY 11215, United States",165 2nd Ave,Brooklyn,NY,11215,,United States
Plumber 10024,24/7 Plumber Mr Rooter,13477732875,5.0,2,http://www.mrrooter.com/,"160 W 82nd St, New York, NY 10024, United States",160 W 82nd St,New York,NY,10024,,United States
Plumber 10024,Osso Plumbing Heating Corporation,12124960210,,,,"118 W 83rd St, New York, NY 10024, United States",118 W 83rd St,New York,NY,10024,,United States
Plumber 10011,New York Drain Restoration inc,12126937246,4.5,16,,"225 W 12th St, New York, NY 10011, United States",225 W 12th St,New York,NY,10011,,United States
Plumber 10009,Avenue C Plumbing and Heating,12122930885,,,http://avenuecplumbingandheating.info/,"68 Loisaida Ave, New York, NY 10009, United States",68 Loisaida Ave,New York,NY,10009,,United States
Plumber 10025,105th Street Plumbing Heating,12122930492,1.0,3,,"237 W 105th St Front 1, New York, NY 10025, United States",237 W 105th St Front 1,New York,NY,10025,,United States
Plumber 10025,AABC Plumbing,12123692500,4.9,17,,,,,,,,
Plumber 10025,24/7 Manhattan Plumbing NYC,16465435763,4.3,45,http://247manhattanplumbingnyc.com/,"3441 Broadway, New York, NY 10031, United States",3441 Broadway,New York,NY,10031,,United States
Plumber 10025,New York Plumbing Supply Manhattan,18889696977,4.4,47,https://nyps1.com/,"933 Columbus Ave, New York, NY 10025, United States",933 Columbus Ave,New York,NY,10025,,United States
Plumber 10025,Handyman Service & Home Renovation & Apartment Repair & Electrician & Plumber & Painter | Vlad Can Fix Anything In NYC,16465043330,4.9,29,http://vladfix.nyc/,"254 W 98th St, New York, NY 10025, United States",254 W 98th St,New York,NY,10025,,United States
Plumber 10009,"Vigilante Plumbing, Heating & Air Conditioning",17185226111,4.8,"1,447",https://www.bestbrooklynplumber.com/,"195 Douglass St, Brooklyn, NY 11217, United States",195 Douglass St,Brooklyn,NY,11217,,United States
Plumber 10009,Brickman's Ace Hardware Stuy Town | Paint | Plumbing | Electrical & Lighting | Housewares | Toys | Blinds & Shades,12126742266,4.1,58,http://www.acehardwarest.com/,"312-316 1st Ave., New York, NY 10009, United States",312-316 1st Ave.,New York,NY,10009,,United States
Plumber 10025,Home Maintenance and Carpenter - woodwork Furniture Services Lahore DHA,03278867717,4.8,16,https://homeserviceslhr.com/,"no 91 G, Office no 3A, Plaza, Block G Dha Phase 1, Lahore, 54000","no 91 G, Office no 3A, Plaza, Block G Dha Phase 1, Lahore",,,54000,,
Plumber 10006,Aumenta Plumbing & Heating Co,12014518008,4.3,71,http://aumentaplumbing.com/,,,,,,,
Plumber 10006,Silva Plumbing & Heating,19089974582,5.0,12,,,,,,,,
Plumber 10006,American Drain Cleaning LLC,19172802726,4.6,18,,,,,,,,
Plumber 10025,Zubair Plumbering Services,03124740940,4.8,173,https://zubair-plubering-services.business.site/?utm_source%3Dgmb%26utm_medium%3Dreferral,"M hazir & sons sanitary store 196-A, Multan Rd Scheme Mor, Sabzazar Nagra Town, Lahore, Punjab 54500","M hazir & sons sanitary store 196-A, Multan Rd","Scheme Mor, Sabzazar Nagra Town, Lahore",Punjab,54500,,
Plumber 10006,Admiral Plumbing,19739782128,5.0,23,http://admiralplumbingco.com/,,,,,,,
Plumber 10006,Coram Plumbing Heating & Cooling,16312920924,5.0,7,,,,,,,,
Plumber 10009,"Parkset Plumbing & Heating Co., Inc",17184938700,4.4,63,http://www.parksetplumbing.com/,"1568 Atlantic Ave, Brooklyn, NY 11213, United States",1568 Atlantic Ave,Brooklyn,NY,11213,,United States
Plumber 10009,Vuksani Service Group,12129490000,4.5,35,https://vuksanillc.co/?utm_source%3Dgoogle%26utm_medium%3Dorganic%26utm_campaign%3Dgmb-profile-astoria,"26-43 18th St #1F, Queens, NY 11102, United States",26-43 18th St # 1F,Queens,NY,11102,,United States
Plumber 10009,New York Heating & Cooling,13474280235,5.0,6,,"261 E 10th St, New York, NY 10009, United States",261 E 10th St,New York,NY,10009,,United States
Plumber 10006,H&A Brooklyn Plumbing,16469044129,5.0,16,https://www.bestplumberqueensny.com/brooklyn-ny,,,,,,,
Plumber 10025,123 Backflow Testing,18883153569,5.0,218,http://www.123backflowtesting.com/,,,,,,,
Plumber 10009,The Pump Guys LLC. Pump & Motor Specialist,12122391094,5.0,67,https://thepumpguys.solutions/,"1177 6th Ave 5th floor, New York, NY 10036, United States",1177 6th Ave 5th floor,New York,NY,10036,,United States
Plumber 10025,Nick's Sewage & Drain Cleaning,15512604383,4.9,147,http://www.nickssewageanddraincleaning.com/,,,,,,,
Plumber 10006,ðŸŽ¯ Emergency Plumber | Staten Island Plumbing & Heating Corporation,18775040044,5.0,7,http://emergencyplumberbrooklyn.com/,,,,,,,
Plumber 10009,Harris Plumbing & Heating Corporation | Backflow Preventer | Fire Sprinkler NYC,17184953400,4.8,141,http://www.harrisplumbingandheating.com/,"184 Glenmore Ave, Brooklyn, NY 11212, United States",184 Glenmore Ave,Brooklyn,NY,11212,,United States
Plumber 10025,AFFORDABLE PIPE REPAIR & DRAIN CLEANING CORP,19179025112,4.3,12,,,,,,,,
Plumber 10009,Stanley Lewis Plumbing and Heating,17187748757,4.2,57,http://stanleylewisplumbing.com/,"749 Prospect Pl, Brooklyn, NY 11216, United States",749 Prospect Pl,Brooklyn,NY,11216,,United States
Plumber 10009,Karl's Plumbing Heating and Cooling,18007213200,3.5,73,https://www.karlsplumbing.com/,,,,,,,
Plumber 10009,A&B Sewer Solutions,13475836095,4.5,25,http://www.absewersolutions.com/,,,,,,,
Plumber 10010,Agasi Plumbing,12129371153,,,,"154 E 21st St, New York, NY 10010, United States",154 E 21st St,New York,NY,10010,,United States
Plumber 10006,King's Plaza Plumbing & Heating Inc.,15163189671,5.0,7,https://kings-plaza-plumbing-heating-inc.business.site/?utm_source%3Dgmb%26utm_medium%3Dreferral,,,,,,,
Plumber 10006,YURY1978 INC,16468964694,5.0,16,https://www.imhandymen.com/,,,,,,,
Plumber 10010,Fifth Ave Plumbing & Heating,12122931538,2.0,1,,"225 5th Ave, New York, NY 10010, United States",225 5th Ave,New York,NY,10010,,United States
Plumber 10006,Azad plumbing & electro mechanical services.,03008886037,5.0,1,,,,,,,,
Plumber 10009,Einstein's Plumbing and Heating Inc.,17182464095,4.6,222,https://www.einsteinsplumbing.com/,"127 42nd St, Brooklyn, NY 11232, United States",127 42nd St,Brooklyn,NY,11232,,United States
Plumber 10006,Asif plumbing services,03015404356,4.9,77,,"Hazir & Sons, 196A M, Multan Rd, Lahore, 54570","Hazir & Sons, 196A M, Multan Rd",Lahore,,54570,,
Plumber 10009,Billharz Plumbing Inc,17187842468,3.7,37,http://www.billharzplumbing.com/,"45-25 47th St, Woodside, NY 11377, United States",45-25 47th St,Woodside,NY,11377,,United States
Plumber 10009,Pro Plumbing & Heating Inc.,16468478866,5.0,23,http://www.proplumbingheating.net/,"1127 Utica Ave, Brooklyn, NY 11203, United States",1127 Utica Ave,Brooklyn,NY,11203,,United States
Plumber 10010,Kips Bay Plumbing and Heating,12123772644,,,http://kipsbayplumbingandheating.info/,"449 2nd Ave, New York, NY 10010, United States",449 2nd Ave,New York,NY,10010,,United States
Plumber 10010,Home Services at The Home Depot,13152033640,3.9,13,https://www.homedepot.com/l/Manhattan-West-23rd-St/NY/New-York/10010/6175/services?cm_mmc%3Dold-llm-6175-x,"40 W 23rd St, New York, NY 10010, United States",40 W 23rd St,New York,NY,10010,,United States
Plumber 10006,Plumber Shah Alam,60182378095,4.1,9,,"B2-3-11 PANGSAPURI PERDANA, Seksyen 13, 40100 Shah Alam, Selangor, Malaysia","B2-3-11 PANGSAPURI PERDANA, Seksyen 13, 40100 Shah Alam",Selangor,Malaysia,,,
Plumber 10010,F.W. Webb Company - Manhattan,12122551200,4.1,54,https://www.fwwebb.com/locations/branch.php?st%3DNY%26city%3DNew%2BYork%26utm_source%3Dgoogle_my_business%26utm_medium%3Dorganic%26utm_campaign%3DManhattan_NY,"13 W 24th St, New York, NY 10010, United States",13 W 24th St,New York,NY,10010,,United States
Plumber 10006,ENYQ Corporation,17184842357,5.0,9,,,,,,,,
Plumber 10006,"Certified Backflow Testing, Inc.",17183130788,5.0,60,https://www.certifiedbackflow.net/,,,,,,,
Plumber 10010,ADV Mechanical Services,15512982756,5.0,90,https://advmechanicalservices.com/,"445 Park Ave, Manhattan, NY 10022, United States",445 Park Ave,Manhattan,NY,10022,,United States
Plumber 10009,"PP Cousin Plumbing Mechanical, Inc.",17183411314,3.3,3,https://cousinplumbing.com/,,,,,,,
Plumber 10014,Karsaaz,03171110464,3.9,89,https://karsaaz.app/,"House 195, Johar, Block G3 Block G 3 Phase 2 Town, Lahore, Punjab 54000","House 195, Block G 3 Phase 2 Town","Johar, Block Lahore",G3 Punjab,54000,,
Plumber 10009,Serve-Well Plumbing & Heating Inc,17188471830,5.0,42,https://www.servewellnyc.com/,"11604 Atlantic Ave, Queens, NY 11419, United States",11604 Atlantic Ave,Queens,NY,11419,,United States
Plumber 10010,24 Hour Plumber NYC,16466936598,4.2,10,,"101 Lexington Ave, New York, NY 10016, United States",101 Lexington Ave,New York,NY,10016,,United States
Plumber 10004,Plumber available,03046725435,5.0,4,https://plumberavailable.business.site/?utm_source%3Dgmb%26utm_medium%3Dreferral,"Shalimar Link Road, Angoori Bagh, Lahore, Punjab 53600",Shalimar Link Road,"Angoori Bagh, Lahore",Punjab,53600,,
Plumber 10007,Alule Plumbing,12129371162,5.0,1,,"42 Chambers St, New York, NY 10007, United States",42 Chambers St,New York,NY,10007,,United States
Plumber 10002,WaterHouse Plumbing Company,12127773003,4.6,20,https://waterhouse.nyc/,"171 Attorney St, New York, NY 10002, United States",171 Attorney St,New York,NY,10002,,United States
Plumber 10007,Downtown Plumbing & Heating,17188587070,3.9,18,http://www.calldowntownplumbing.com/,"577 Hicks St, Brooklyn, NY 11231, United States",577 Hicks St,Brooklyn,NY,11231,,United States
Plumber 10009,John Hlad Plumbing & Heating,17187680689,4.5,30,https://johnhladplumbingandheating.godaddysites.com/,"154 26th St, Brooklyn, NY 11232, United States",154 26th St,Brooklyn,NY,11232,,United States
Plumber 10009,Proto Plumbing & Heating,17182742670,5.0,4,https://www.protoplumbing.com/,,,,,,,
Plumber 10003,Rite Plumbing & Heating Inc,13475026441,4.4,54,http://www.riteplumbingnyc.com/,"750 Lexington Ave 9th floor, New York, NY 10022, United States",750 Lexington Ave 9th floor,New York,NY,10022,,United States
Plumber 10001,LZ Manhattan Plumbing New York,13155268735,5.0,51,https://manhattan-plumbing-lz.business.site/?utm_source%3Dgmb%26utm_medium%3Dreferral,"3060 NY-2200 Frederick Douglass Blvd, New York, NY 10026, United States",3060 NY-2200 Frederick Douglass Blvd,New York,NY,10026,,United States
Plumber 10009,Algozini Plumbing Corporation,12122886810,5.0,3,,"303 E 76th St, New York, NY 10021, United States",303 E 76th St,New York,NY,10021,,United States
Plumber 10012,Cold River Plumbing And Heating,12016374205,5.0,12,https://coldriverplumbing.com/,,,,,,,
Plumber 10012,HBNY Plumbing & Heating,13478307568,5.0,64,https://hbnyplumbing.com/,,,,,,,
Plumber 10012,Armany Plumbing,12129371118,5.0,1,,"636 Broadway, New York, NY 10012, United States",636 Broadway,New York,NY,10012,,United States
Plumber 10012,Bleeker Emergency Plumbing and Heating,12122930965,2.3,3,http://bleekeremergencyplumbingandheating.info/,"56 Bleecker St, New York, NY 10012, United States",56 Bleecker St,New York,NY,10012,,United States
Plumber 10012,Agimi Plumbing,12129371174,5.0,1,,"71 Spring St, New York, NY 10012, United States",71 Spring St,New York,NY,10012,,United States
Plumber 10001,24 HOURS PLUMBING,19179658298,4.6,157,https://24hoursplumbing.com/,"103-10 Queens Blvd, Queens, NY 11375, United States",103-10 Queens Blvd,Queens,NY,11375,,United States
Plumber 10012,AMW Plumbing & Heating Inc,12123430101,4.2,10,,"540 Broadway, New York, NY 10012, United States",540 Broadway,New York,NY,10012,,United States
Plumber 10001,Nyc Plumbing Solutions,18009901591,4.8,23,https://nycplumbingsolutions.com/,"614 49th St, Brooklyn, NY 11220, United States",614 49th St,Brooklyn,NY,11220,,United States
Plumber 10012,Hub Plumbing & Heating,19176348888,4.6,46,https://www.hubplumbingnyc.com/,"103 Charles St, New York, NY 10014, United States",103 Charles St,New York,NY,10014,,United States
Plumber 10003,Aladdin Plumbing Corp.,17187686367,4.9,496,https://www.aladdinplumbingcorp.com/,,,,,,,
Plumber 10010,EH&P Mechanical,19294945725,5.0,1,,,,,,,,
Plumber 10003,Star NYC Plumber & HVAC Company,13322417045,4.9,68,https://starnycplumber.com/,"11 W 31st St, New York, NY 10001, United States",11 W 31st St,New York,NY,10001,,United States
Plumber 10003,"Empire NYC Plumbers, Drain & Sewer Cleaning",16463496213,5.0,56,https://nycplumbersdrain.com/,"537 W 150th St, New York, NY 10031, United States",537 W 150th St,New York,NY,10031,,United States
Plumber 10012,West Houston Plumbing and Heating,12122931596,,,http://westhoustonplumbingandheating.info/contactus.html,"94 W Houston St, New York, NY 10012, United States",94 W Houston St,New York,NY,10012,,United States
Plumber 10012,Munson NYC Sewer & Drain Cleaning Solution,13329002369,5.0,41,https://nycdrainsewer.com/,"636 Broadway # 508, New York, NY 10012, United States",636 Broadway # 508,New York,NY,10012,,United States
Plumber 10003,RR Plumbing Roto-Rooter,12126871215,4.7,"1,169",https://www.rotorooter.com/manhattan/?utm_source%3Dgoogle%26utm_medium%3Dorganic%26utm_campaign%3Dgmb%26utm_content%3Dwebsite,"450 7th Ave Ste B, New York, NY 10123, United States",450 7th Ave Ste B,New York,NY,10123,,United States
Plumber 10003,NYC Quality Plumbing,13322220135,5.0,45,https://plumbingquality.com/,"885 6th Ave, New York, NY 10001, United States",885 6th Ave,New York,NY,10001,,United States
Plumber 10001,Manhattan Sewer Cleaning,12124868377,4.0,8,,,,,,,,
Plumber 10012,Bond's Plumbing & Electric,17187013826,5.0,7,,"94a Spring St, New York, NY 10012, United States",94a Spring St,New York,NY,10012,,United States
Plumber 10012,NYC Emergency Plumber & Sewer,13329003335,5.0,32,https://nycemergencyplumbing.com/,"17 Cleveland Pl, New York, NY 10012, United States",17 Cleveland Pl,New York,NY,10012,,United States
Plumber 10003,Neo Plumbing & Heating Corp,16468600149,4.7,46,https://neoplumbingnyc.com/,"10 E 39th St #909, Manhattan, NY 10016, United States",10 E 39th St # 909,Manhattan,NY,10016,,United States
Plumber 10013,Mahir Company,03096661919,3.9,646,https://mahircompany.com/,"Johar, 26-A, J 3 Block Block J 3 Phase 2 Town, Lahore, Punjab 54000","Johar, 26-A, J 3 Block Block J 3 Phase 2 Town",Lahore,Punjab,54000,,
Plumber 10012,Nexus New York Plumber & Drain,13322417066,5.0,50,https://newyorkplumberdrain.com/,"268 Bowery FLOOR 3, New York, NY 10012, United States",268 Bowery FLOOR 3,New York,NY,10012,,United States
Plumber 10001,Breslaw Plumbing,12122654023,4.8,6,,"559 W 45th St, New York, NY 10036, United States",559 W 45th St,New York,NY,10036,,United States
Plumber 10003,All NYC Drain Cleaning & Plumber Services,13322417679,4.9,28,https://all-nyc-drain-cleaning-and-plumber-services.business.site/,"430 Lafayette St, New York, NY 10003, United States",430 Lafayette St,New York,NY,10003,,United States
Plumber 10001,24/7 Bronx Plumbing NYC,13473772564,3.6,14,http://247bronxplumbingnyc.com/,"50 E 151st St, Bronx, NY 10451, United States",50 E 151st St,Bronx,NY,10451,,United States
Plumber 10080,Blocked Drain Services,61434597111,5.0,128,https://blockeddrainservices.com.au/,,,,,,,
Plumber 10001,Paul Quinn Plumbing & Heating Inc,12122440298,5.0,3,,"361 W 36th St., New York, NY 10018, United States",361 W 36th St.,New York,NY,10018,,United States
Plumber 10012,Soho Handyman Services,13476997697,5.0,55,http://soho-handyman-services.com/,"125 Sullivan St Apt 3, New York, NY 10012, United States",125 Sullivan St Apt 3,New York,NY,10012,,United States
Plumber 10065,525 Plumbing & Electric Maintenance,17187013658,5.0,39,,"525 E 68th St, New York, NY 10065, United States",525 E 68th St,New York,NY,10065,,United States
Plumber 10080,Abid Plumbing shop - Plumber Service in Karachi,03132656599,4.6,87,,"Block 8 Gulshan-e-Iqbal, Karachi, Karachi City, Sindh 75300",Block 8 Gulshan-e-Iqbal,"Karachi, Karachi City",Sindh,75300,,
Plumber 10060,Plumber and electrician,03153209718,4.4,28,,"Sector C Jasmine Block Sector C Bahria Town, Lahore, Punjab 58000","Sector C Jasmine Block Sector C Bahria Town, Lahore, Punjab",,,58000,,
Plumber 10041,Precise Plumbing & Heating Corp.,17189099640,4.8,277,https://www.preciseplumbingny.com/,"354 Front St, Staten Island, NY 10304, United States",354 Front St,Staten Island,NY,10304,,United States
Plumber 10001,Sherlock Leak Detection,13476504989,4.8,5,http://sherlockleakdetection.net/,"134 W 26th St, New York, NY 10001, United States",134 W 26th St,New York,NY,10001,,United States
Plumber 10001,10 Man Plumbing,12129371136,5.0,2,,"1255 6th Ave, New York, NY 10020, United States",1255 6th Ave,New York,NY,10020,,United States
Plumber 10065,PAT-UK,443301226337,,,http://pat-uk.com/,"60 E 65th St, New York, NY 10065, United States",60 E 65th St,New York,NY,10065,,United States
Plumber 10075,Handyman of NY,13475107000,2.3,3,http://handymanofny.com/,,,,,,,
Plumber 10044,Darci Plumbing Inc,17184725559,4.7,6,,"11-15 43rd Rd, Long Island City, NY 11101, United States",11-15 43rd Rd,Long Island City,NY,11101,,United States
Plumber 10001,Plumbing & Heating LLC,17182696421,3.0,3,http://www.licplumbingandheating.info/,"1001 50th Ave, Long Island City, NY 11101, United States",1001 50th Ave,Long Island City,NY,11101,,United States
Plumber 10080,Maintenance Plumbing,61434022483,5.0,58,https://www.mpmplumber.com.au/,,,,,,,
Plumber 10012,Brickman's Ace Hardware West Village | Paint | Hardwareâ€‹ | Blinds | Hand & Power Tools | Plumbing | Electrical & Lighting,12127771500,3.9,88,http://www.acehardwarewv.com/,"125 W 3rd St, New York, NY 10012, United States",125 W 3rd St,New York,NY,10012,,United States
Plumber 10044,AAA American Best,17186001108,5.0,8,,,,,,,,
Plumber 10001,24 Hour All Plumbing,12129371124,5.0,2,,"221 Park Ave S, New York, NY 10003, United States",221 Park Ave S,New York,NY,10003,,United States
Plumber 10080,100% Plumbing & Gas Maintenance,61394288556,4.5,53,http://www.100plumbing.com.au/,"Unit 9/796 High St, Kew East VIC 3102, Australia","Unit 9/796 High St, Kew East VIC 3102",Australia,,,,
Plumber 10080,Finest Plumbing Group,61450888881,4.3,23,,,,,,,,
Plumber 10001,Bissetta & List Inc,12122657771,4.2,5,http://www.bissettalist.com/,"420 W 49th St # 2, New York, NY 10019, United States",420 W 49th St # 2,New York,NY,10019,,United States
Plumber 10012,Overall Renovation - New York General Contractor,17187150472,5.0,27,https://overallrenovation.com/soho-location-overall-renovation/,"193 Spring St Suite B, New York, NY 10012, United States",193 Spring St Suite B,New York,NY,10012,,United States
Plumber 10075,Plumbing And Heating Services,12123773046,1.0,1,http://www.uesplumbinganddrain.info/contactus.html,"1418 3rd Ave, New York, NY 10028, United States",1418 3rd Ave,New York,NY,10028,,United States
Plumber 10075,Water Mold Fire Restoration of New York City,12122572169,5.0,9,https://watermoldfire.net/new-york-ny/,,,,,,,
Plumber 10044,Commercial Plumbing Services,12122396773,3.0,2,http://www.cpsny.net/,"11-17 43rd Ave, Queens, NY 11101, United States",11-17 43rd Ave,Queens,NY,11101,,United States
Plumber 10069,A&J GENERAL WORKS AND PLUMBING CORP,19175582091,,,,,,,,,,
Plumber 10069,West New York Plumbing And Heating,12014792926,3.0,4,,"42 64th St, West New York, NJ 07093, United States",42 64th St,West New York,NJ,07093,,United States
Plumber 10069,BJC Plumbers North Bergen,12013899955,5.0,1,https://plumbernorthbergen.com/,,,,,,,
Plumber 10080,Plumbing & drain cleaning,19178919947,5.0,2,,,,,,,,
Plumber 10080,The Heating Cooling Doctor,16468200196,4.8,122,https://theheatingcoolingdoctor.com/?utm_source%3Dgmb%26utm_medium%3Dnyreferral,,,,,,,
Plumber 10044,NY Water Heater Services,13473450212,5.0,3,http://nywaterheaterservices.com/,,,,,,,
Plumber 10001,Bryant Park Plumbing and Heating,12122931324,,,,"49 W 39th St, New York, NY 10018, United States",49 W 39th St,New York,NY,10018,,United States
Plumber 10069,G's Plumbing,13474992583,,,,,,,,,,
Plumber 10069,frank behnke master plumber,12014464554,2.5,2,,,,,,,,
Plumber 10069,Express Plumbing Heating & Gas,12124279000,5.0,3,,"210 E 119th St, New York, NY 10035, United States",210 E 119th St,New York,NY,10035,,United States
Plumber 10069,GENERAL PLUMBING,12019201616,,,https://general-plumbing-building-firm.negocio.site/?utm_source%3Dgmb%26utm_medium%3Dreferral,,,,,,,
Plumber 10069,Affordable Plumbing & Drain Cleaning,12013570069,,,,,,,,,,
Plumber 10080,Tiger Plumbing,13478636305,1.0,1,,,,,,,,
Plumber 10080,Impianti Idraulici di Luino Mauro,393382891461,4.6,15,http://www.idraulicoluino.it/,,,,,,,
Plumber 10080,At Your Maintenance,61390204633,4.9,175,https://atyourmaintenance.com.au/,"1A Weeroona St, Hampton VIC 3188, Australia","1A Weeroona St, VIC 3188",Hampton Australia,,,,
Plumber 10001,Hells Kitchen Plumbing and Heating,12123772616,5.0,1,http://hellskitchenplumbingandheating.info/contactus.html,"607 10th Ave, New York, NY 10036, United States",607 10th Ave,New York,NY,10036,,United States
Plumber 10080,King sewer & Drain,13472518258,4.0,1,https://king-sewer-drain.business.site/?utm_source%3Dgmb%26utm_medium%3Dreferral,,,,,,,
Plumber 10001,Plumbers 911 Chicago,18775477406,4.6,22,https://plumbers911chicago.com/,"1340 W Washington Blvd #201, Chicago, IL 60607, United States",1340 W Washington Blvd # 201,Chicago,IL,60607,,United States
Plumber 10069,Service plumbing tiu lux,12013757521,,,,,,,,,,
Plumber 10001,Local Plumbing Solutions,15163990798,3.0,1,,"691 10th Ave, New York, NY 10036, United States",691 10th Ave,New York,NY,10036,,United States
Plumber 10069,Handyman Mode,13476369794,5.0,4,,,,,,,,
Plumber 10069,A $69.95 Sewer or Drain,19737441538,4.5,4,,,,,,,,
Plumber 10069,Steven Pini Plumbing Heating and Home Improvement,12016593508,5.0,2,,,,,,,,
Plumber 10001,Town Plumbing Heating and Air Conditioning,12019077729,4.4,7,http://townplumbingdrain.com/,"2200 Grand Ave, North Bergen, NJ 07047, United States",2200 Grand Ave,North Bergen,NJ,07047,,United States
Plumber 10069,Rayâ€™s Drains Clean,13474604061,,,https://raysplumbing21.wixsite.com/raysdrainsclean,,,,,,,
Plumber 10069,WNY Plumbing & Sewer Services,12016902124,3.3,12,,"5707 Bergenline Ave, West New York, NJ 07093, United States",5707 Bergenline Ave,West New York,NJ,07093,,United States
Plumber 10080,Lopez Plumbing & Heating Mechanical LLC,16467656232,,,http://lopezplumbing.com/,,,,,,,
Plumber 10080,Top Notch Mechanical Corp,16462020808,,,,,,,,,,
Plumber 10080,Valerio Soffranio idraulico,39012558329,,,,,,,,,,
Plumber 10069,City Drain and Plumbing Service - Palisades Park,15513588236,,,https://www.citydrainandplumbingservice.com/palisadespark,,,,,,,
Plumber 10001,West 40th Plumbing & Heating,12122931587,,,http://west40thplumbingandheating.info/,"264 W 40th St, New York, NY 10018, United States",264 W 40th St,New York,NY,10018,,United States
Plumber 10080,Termoidraulica di Moretti Oscar,393394159589,5.0,3,https://mo-termoidraulica-di-moretti-oscar.business.site/?utm_source%3Dgmb%26utm_medium%3Dreferral,,,,,,,
Plumber 10069,City Drain and Plumbing Service - Fort Lee,15513588236,,,https://www.citydrainandplumbingservice.com/fortlee,,,,,,,
Plumber 10001,Attack Plumbing,12129371142,5.0,1,,"352 W 53rd St, New York, NY 10019, United States",352 W 53rd St,New York,NY,10019,,United States
Plumber 10001,Sump Pump Gurus | Hoboken,13328773375,5.0,9,https://sump-pump-hoboken.business.site/,"609 Washington St #3, Hoboken, NJ 07030, United States",609 Washington St # 3,Hoboken,NJ,07030,,United States
Plumber 10069,Drain Solver Sewer Drains and Plumbing,13476837992,,,,"295 W 150th St # 46, New York, NY 10039, United States",295 W 150th St # 46,New York,NY,10039,,United States
Plumber 10069,NYC Handyman On Demand,12124265740,4.6,9,,,,,,,,
Plumber 10080,24 Hour Flood Pros of Ocala,13219454278,5.0,326,https://www.24hourfloodpros.com/ocala/,,,,,,,
Plumber 10080,Caldo&freddo,393921719624,,,,,,,,,,
Plumber 10080,Idraulico riparazioni a domicilio,393393439211,,,,,,,,,,
Plumber 10001,Psi Plumbing Inc,12129214392,2.8,5,https://psiplumbing.com/,"28 W 44th St, New York, NY 10036, United States",28 W 44th St,New York,NY,10036,,United States
Plumber 10080,Arnulfi Enrico,390124699959,5.0,2,,"Via S. Carlo, 10080 Borgiallo TO, Italy","Via S. Carlo, 10080 Borgiallo TO, Italy",,,,,
Plumber 10080,Argas,393386017062,,,,,,,,,,
Plumber 10080,Gold star mechanical services,13474230973,,,,,,,,,,
Plumber 10080,JR & Son Construction,13477687945,4.8,22,http://www.brooklynhandymanrepairs.com/,,,,,,,
Plumber 10080,Courageous Plumbing & HVAC,12012064845,3.7,3,http://courageousllc.com/,,,,,,,
Plumber 10080,Idraulica Pavan,393356243085,5.0,3,http://www.idraulicapavan.it/,"Borgata Laurenti, 11, 10080 Delaurenti TO, Italy","Borgata Laurenti, 11, 10080 Delaurenti TO, Italy",,,,,
Plumber 10080,Citywide Mechanical NYC,13473726547,5.0,1,,,,,,,,
Plumber 10069,Total Home Improvement Services,12124100829,3.6,7,https://this-co.com/,"60 Riverside Blvd, New York, NY 10069, United States",60 Riverside Blvd,New York,NY,10069,,United States
Plumber 10080,AAV Plumbing and Heating LLC,19172178359,,,,,,,,,,
Plumber 10080,Emergenza Idraulico Torino,3901119118558,4.5,2,https://emergenza-idraulico-torino.business.site/?utm_source%3Dgmb%26utm_medium%3Dreferral,,,,,,,
Plumber 10069,Royalty Luck Multi-Services,12018986692,5.0,6,,,,,,,,
Plumber 10080,24 Hr The Sewer Man & Piping Service,13473036509,,,https://thesewermanpipingservice.com/,,,,,,,
Plumber 10069,NONSTOP PLUMBERS CORP,16469929210,5.0,75,http://www.nonstopplumbers.com/,"555 Macon St Suite 1, Brooklyn, NY 11233, United States",555 Macon St Suite 1,Brooklyn,NY,11233,,United States
Plumber 10001,All Concord Plumbing Solution,19253919657,5.0,6,,"1836 Arnold Industrial Pl #250, Concord, CA 94520, United States",1836 Arnold Industrial Pl # 250,Concord,CA,94520,,United States
Plumber 10044,Adriano plumbing heter Rigdewood 60pl,13473558288,,,,,,,,,,
Plumber 10001,7 Days Plumbing,12129371160,,,,"234 E 28th St, New York, NY 10016, United States",234 E 28th St,New York,NY,10016,,United States
Plumber 10044,Castillo and Sons Plumbing Corp.,13479010536,5.0,1,https://www.nycompanyregistry.com/companies/castillo-and-sons-plumbing-corp/,,,,,,,
Plumber 10044,One-Two-Three Stages Corp,19173094623,,,,,,,,,,
Plumber 10044,FlÃ¡vio Sprinkler Plumber Corp NY,16465773539,,,,,,,,,,
Plumber 10080,Shor Plumbing and Heating Inc.,17184354840,5.0,1,,,,,,,,
Plumber 10080,FixDar,03111222819,4.7,132,https://www.fixdar.com/,,,,,,,
Plumber 10080,Spurghi SmileJet,393486557451,4.9,9,https://smilejet.business.site/?utm_source%3Dgmb%26utm_medium%3Dreferral,,,,,,,
Plumber 10044,Lic Plumbing And Drain Cleaning,17182696422,,,http://www.licplumbinganddraincleaning.info/,"5-16 51st Ave, Long Island City, NY 11101, United States",5-16 51st Ave,Long Island City,NY,11101,,United States
Plumber 10001,America's Plumbing,16462332339,,,,"244 5th Ave #200, New York, NY 10001, United States",244 5th Ave # 200,New York,NY,10001,,United States
Plumber 10044,Rockefeller Plumbing & Heating Inc.,19299308018,,,,,,,,,,
Plumber 10001,"Riggs Plumbing & Heating,Inc.",,5.0,2,,"1035 47th Rd, Long Island City, NY 11101, United States",1035 47th Rd,Long Island City,NY,11101,,United States
Plumber 10044,è¯šé€šé€šç®¡ çº½çº¦æ³•æ‹‰ç››é€šä¸‹æ°´é“ é€šæ°´ç®¡ é€šæ¸  æ›´æ¢çƒ­æ°´ç‚‰ é«˜åŽ‹æ¸…æ´— chengtong plumbing&heating inc,19176602605,5.0,4,https://www.chengtongplumbing.com/,,,,,,,
Plumber 10044,Intrepidus Piping & Heating Services,16463537469,5.0,1,,,,,,,,
Plumber 10044,nyc plumbing,12122694357,,,,,,,,,,
Plumber 10044,Mr. Rooter Plumbing of Queens,13474747178,3.0,2,http://mrrooter.com/queens/,,,,,,,
Plumber 10044,Total Plumbing & Services Inc.,19293957669,,,,,,,,,,
Plumber 10044,HRM Plumbing,19292330686,,,,,,,,,,
Plumber 10044,Fleet Plumbing and Heating,16462104319,3.0,2,https://fleetplumbingandheatingboilerrepair.com/,,,,,,,
Plumber 10075,Lexington Plumbing Company,12123772648,2.0,1,http://lexingtonplumbingcompany.info/,"1575 Lexington Ave, New York, NY 10029, United States",1575 Lexington Ave,New York,NY,10029,,United States
Plumber 10075,Alpha Handyman Services,19293571568,4.9,37,,,,,,,,
Plumber 10001,Lemode Plumbing & Heating Corporation,17185453336,5.0,6,,"34-55 11th St, Astoria, NY 11106, United States",34-55 11th St,Astoria,NY,11106,,United States
Plumber 10044,Wesley Pol Mechanical Corporation,19175869324,,,,,,,,,,
Plumber 10044,INSTALLS R-USâ„¢ Home Installations NYC,15166907160,5.0,1,http://www.installs-r-us.com/,,,,,,,
Plumber 10044,KAS Mechanical LLC,16469826969,5.0,1,,,,,,,,
Plumber 10044,Court Square Plumbing and Drain,17182696418,,,http://www.courtsquareplumbinganddrain.info/,"5 Ct Square W, Long Island City, NY 11101, United States",5 Ct Square W,Long Island City,NY,11101,,United States
Plumber 10044,The plumbers house,13475457495,,,,,,,,,,
Plumber 10075,Lexington Plumbing Sewer and Drain,12123772650,,,http://lexingtonplumbingseweranddrain.info/contactus.html,"958 Lexington Ave, New York, NY 10021, United States",958 Lexington Ave,New York,NY,10021,,United States
Plumber 10044,Halcyon Amenities,16465190531,,,http://halcyon-amenities.com/,,,,,,,
Plumber 10044,$49.95 Sewer Drain Cleaning,17188074995,,,,,,,,,,
Plumber 10065,B K Plumbing & Heating,12128791162,4.4,7,,"414 E 116th St 2nd floor, New York, NY 10029, United States",414 E 116th St 2nd floor,New York,NY,10029,,United States
Plumber 10044,CoolAir Inc,17185003201,4.0,40,http://coolairnycinc.com/,,,,,,,
Plumber 10001,Gateway Plumbing & Heating,12129800909,3.2,9,http://gatewayplumbing.com/,"37 W 37th St 6th floor, New York, NY 10018, United States",37 W 37th St 6th floor,New York,NY,10018,,United States
Plumber 10001,Mac Felder Inc.,12128778450,5.0,3,https://www.macfelderplumbing.com/,"610 11th Ave, New York, NY 10036, United States",610 11th Ave,New York,NY,10036,,United States
Plumber 10044,KEF HOME SERVICES,19299005081,,,,,,,,,,
Plumber 10069,CBJ West New York Plumbers,12019776775,,,https://www.unioncityplumbers.com/cbj-plumbers-west-new-york.html,,,,,,,
Plumber 10044,Oh Gush Sewer and Drain Service LLC,18452000489,,,,,,,,,,
Plumber 10044,"Agape Air Conditioning, Heating & Plumbing",17183135933,5.0,1,http://www.agapehvac.com/,,,,,,,
Plumber 10044,Ruff Water Piping & Heating Co.,17186890600,,,,,,,,,,
Plumber 10045,Plumbing wark,03084107522,4.1,11,http://www.work.com/,"Canal Gardens, Lahore, Punjab 53720",Canal Gardens,Lahore,Punjab,53720,,
Plumber 10044,Pex Mechanical LLC,16466431178,,,,,,,,,,
Plumber 10044,DB_plumbing718,13478562739,,,,,,,,,,
Plumber 10080,Modern Engineering Services,03145484640,5.0,11,https://modernengineeringservices.com/,"Office No 04, Mehmood Plaza, Block G G 7/3 Blue Area, Islamabad, Islamabad Capital Territory 46000","Office No 04, Mehmood Plaza, Block G G 7/3","Blue Area, Islamabad",Islamabad Capital Territory,46000,,
Plumber 10045,Arif plumbing services,03004312739,4.9,128,http://www.arifplumbingservices.com/,"Aftab Park, Tyfon Street, Bund Road, Lahore, 54000","Aftab Park, Tyfon Street, Bund Road",Lahore,,54000,,
Plumber 10080,"Nayakam - Find Handyman, Electrician, Plumber & Carpenter",03335410090,4.6,37,https://www.nayakam.com/,"Office #109, First Floor, Grand Xcito, Block D Markaz Gulberg Residencia, Islamabad, Islamabad Capital Territory 44000","Office # 109, First Floor, Grand Xcito, Block D Markaz Gulberg Residencia, Islamabad, Islamabad Capital Territory",,,44000,,
Plumber 10080,ISLAMABAD PLUMBER,03181414836,4.1,40,https://hj-corporation.business.site/,"Shop No 4, Ground Floor Al-Hameed Plaza, G-11 Markaz Islamabad","Shop No 4, Ground Floor Al-Hameed Plaza, G-11 Markaz Islamabad",,,,,
Plumber 10044,MTH Handyman,,5.0,8,,,,,,,,
Plumber 10001,Dependable Plumbing & Heating Inc.,12018630770,4.3,31,http://www.dependableplumbing.com/,"323 Washington St, Hoboken, NJ 07030, United States",323 Washington St,Hoboken,NJ,07030,,United States
Plumber 10044,EZFIXY Home Improvement,13479780087,,,,,,,,,,
Plumber 10080,Afinity AC Services & Maintenance Services (Pvt) Ltd,03094423312,4.8,42,https://www.afinityms.com/,"13-A Zarrar Shaheed Rd, Block A Guldasht Town, Lahore, Punjab","13-A Zarrar Shaheed Rd, Block A Guldasht Town, Lahore, Punjab",,,,,
Plumber 10044,PAPA & SON HOME REPAIRS,13474231675,,,,,,,,,,
Plumber 10044,P & F Contracting,16467993620,,,,,,,,,,
Plumber 10044,New York Heating & AC Company,13473530059,5.0,4,http://www.newyorkheatingandac.com/,,,,,,,
Plumber 10065,Crown Plumbing Inc,12124266282,3.0,2,,"185 E 123rd St, New York, NY 10035, United States",185 E 123rd St,New York,NY,10035,,United States
Plumber 10001,Cronin Plumbing and Heating,12019207281,5.0,75,http://croninplumbingandheating.com/,"299 Park Ave, Weehawken, NJ 07086, United States",299 Park Ave,Weehawken,NJ,07086,,United States
Plumber 10001,Alient Plumbing & Heating,12125821542,4.0,8,,"545 W 45th St, New York, NY 10036, United States",545 W 45th St,New York,NY,10036,,United States
Plumber 10001,24 HR Emergency Plumber Brooklyn INC,17185147835,4.6,22,https://24hremergencyplumber.info/,"2950 W 24th St APT 3N, Brooklyn, NY 11224, United States",2950 W 24th St APT 3N,Brooklyn,NY,11224,,United States
Plumber 10001,Systems 2000,12123272277,3.0,46,http://www.systems2000plumbing.com/,"424 E 81st St #3, New York, NY 10028, United States",424 E 81st St # 3,New York,NY,10028,,United States
Plumber 10044,PRIDE HYDRAULICS CORP,13477400780,5.0,1,,,,,,,,
Plumber 10081,BILAL Plumbing services,03257406937,4.3,6,,"Street 5, Iqbal Park Lahore, Punjab","Street 5, Iqbal Park Lahore, Punjab",,,,,
Plumber 10081,Arshad Online plumbing works,03078024776,4.0,2,http://arshadplumber.com.pk/,"Madina, Al Madina avenue lahore Al, avenue, Lahore Pakistan","Madina, Al Madina avenue lahore Al, avenue, Lahore Pakistan",,,,,
Plumber 10040,F & V Mechanical Plumbing,12125698262,,,,"129 Hillside Ave, New York, NY 10040, United States",129 Hillside Ave,New York,NY,10040,,United States
Plumber 10065,Lexington Hardware & Electric Co,12128385386,3.7,38,https://www.facebook.com/Lexington-Hardware-Electric-Co-124012284313616/timeline/,"797 Lexington Ave, New York, NY 10065, United States",797 Lexington Ave,New York,NY,10065,,United States
Plumber 10065,Your Local Plumber in NY,17202225057,,,http://www.judysbook.com/Your-Local-Plumber-in-NY-10029-Plumbing-newyork-r30329041t1.htm,"133 E 116th St, New York, NY 10029, United States",133 E 116th St,New York,NY,10029,,United States
Plumber 10039,Absolute Plumbing Heating Inc,12122813385,5.0,4,,"2809 Frederick Douglass Blvd S, New York, NY 10039, United States",2809 Frederick Douglass Blvd S,New York,NY,10039,,United States
Plumber 10040,R and R Plumbing Inc,13476977995,5.0,8,http://randrplumbingnyc.com/,,,,,,,
Plumber 10037,Watson's Plumbing & Heating Corporation,12123683434,3.9,48,http://www.watsonsplumbingheating.com/,"470 Convent Ave # 2, New York, NY 10031, United States",470 Convent Ave # 2,New York,NY,10031,,United States
Plumber 10040,DELTA PIPE REPAIR & DRAIN CLEANING CORP,13476515746,5.0,112,https://deltapiperepair.com/,,,,,,,
Plumber 10039,A2Z Hardware,16465967131,4.7,55,,"2777 West Frederick Douglass Blvd, New York, NY 10039, United States",2777 West Frederick Douglass Blvd,New York,NY,10039,,United States
Plumber 10034,Inwood Plumbing Heating and Cooling,12123772640,,,http://www.inwoodplumbingheatingandcooling.info/contactus.html,"4030 10th Ave, New York, NY 10034, United States",4030 10th Ave,New York,NY,10034,,United States
Plumber 10034,John's Plumbing & Heating NY,17182954263,4.8,16,https://johnsplumbingny.com/,"3053 Villa Ave, Bronx, NY 10468, United States",3053 Villa Ave,Bronx,NY,10468,,United States
Plumber 10034,Wynne Plumbing and Heating Corp,17185431500,4.0,27,http://www.wynneplumbing.com/,"3444 Bailey Ave, Bronx, NY 10463, United States",3444 Bailey Ave,Bronx,NY,10463,,United States
Plumber 10033,Bubber,61383766284,5.0,1,,"652 Main Road Apt 12, New York, NY 10033, United States",652 Main Road Apt 12,New York,NY,10033,,United States
Plumber 10033,Bennett Park Plumbing Heating and Sewer,12122930964,,,http://www.bennettparkplumbingheatingandsewer.info/,"804 W 181st St, New York, NY 10033, United States",804 W 181st St,New York,NY,10033,,United States
Plumber 10040,Plumber Fontanero,19292740106,5.0,6,,,,,,,,
Plumber 10040,DC Sewer & Drain Services,19143754466,5.0,61,http://dcnyseweranddrain.com/,,,,,,,
Plumber 10037,Sanitary Plumbing & Heating Corp.,12127345000,4.0,38,http://www.sanitary.nyc/,"571 Timpson Pl, Bronx, NY 10455, United States",571 Timpson Pl,Bronx,NY,10455,,United States
Plumber 10037,Plumbers Pro New York,13152840607,4.6,26,,"1335 E 152nd St, Bronx, NY 10451, United States",1335 E 152nd St,Bronx,NY,10451,,United States
Plumber 10039,MEGA PLUMBING SUPPLY,12127760900,3.4,5,https://megabuildingsupply.com/,"201 W 145th St, New York, NY 10039, United States",201 W 145th St,New York,NY,10039,,United States
Plumber 10032,Washington Heights Plumbing and Heating,12123773052,,,http://www.washingtonheightsplumbingandheating.info/contactus.html,"2131 Amsterdam Ave, New York, NY 10032, United States",2131 Amsterdam Ave,New York,NY,10032,,United States
Plumber 10032,Edgecomb Plumbing and Drain,12122931496,,,http://www.edgecombplumbinganddrain.info/contactus.html,"433 Edgecombe Ave, New York, NY 10032, United States",433 Edgecombe Ave,New York,NY,10032,,United States
Plumber 10032,Fort Wa Plumbing & Heating,12122931556,3.0,2,http://fortwashingtonplumbingandheating.info/,"128 Fort Washington Ave, New York, NY 10032, United States",128 Fort Washington Ave,New York,NY,10032,,United States
Plumber 10038,Madison Street Plumbing and Heating .,12123772688,,,http://madisonstreetplumbingandheating.info/contactus.html,"41 Madison St, New York, NY 10038, United States",41 Madison St,New York,NY,10038,,United States
Plumber 10033,Osborn Brothers Plumbing,13324569859,4.7,25,,"665 W 160th St, New York, NY 10032, United States",665 W 160th St,New York,NY,10032,,United States
Plumber 10040,Clogman Plumbing Heat and Air Conditioning,12016664343,5.0,4,http://clogman.net/,,,,,,,
Plumber 10037,21 Plumbing & Heating inc,12122349800,3.0,2,http://21plumbingheatinginc.com/,"749 St Nicholas Ave, New York, NY 10031, United States",749 St Nicholas Ave,New York,NY,10031,,United States
Plumber 10040,Torres plumbing Bronx ny,13477480731,1.0,1,,,,,,,,
Plumber 10039,Bronx Emergency Plumbing Squad,13478511424,5.0,2,https://www.emergencyplumbingsquad.com/bronx-plumber,,,,,,,
Plumber 10039,Sewer & Drain Dynasty llc,13479224025,5.0,7,https://sewer-drain-dynasty.business.site/?utm_source%3Dgmb%26utm_medium%3Dreferral,,,,,,,
Plumber 10040,D & F Plumbing Mechanical Inc.,17187311300,3.7,6,,"1894 Washington Ave, Bronx, NY 10457, United States",1894 Washington Ave,Bronx,NY,10457,,United States
Plumber 10040,LS Expert Plumbing & Heating,17182930249,3.5,10,,,,,,,,
Plumber 10040,Top Notch Sewer Inc,19143841443,5.0,15,https://topnotchsewer.net/,,,,,,,
Plumber 10040,Drozcontracting,18889808352,4.1,17,http://drozcontracting.com/,,,,,,,
Plumber 10040,Rudi's Mechanical LLC,19144197657,5.0,4,http://rudismechanicallc.com/,,,,,,,
Plumber 10037,Sandy's Plumbing & Heating Co,12124756510,,,,"750 W 133rd St, New York, NY 10027, United States",750 W 133rd St,New York,NY,10027,,United States
Plumber 10040,PFL - Plumbing & Heating Services,12015968885,5.0,2,,,,,,,,
Plumber 10040,Bargain Plumbing and Heating,16465950002,4.7,3,,"1060 Washington Ave, Bronx, NY 10456, United States",1060 Washington Ave,Bronx,NY,10456,,United States
Plumber 10039,D & G Piping and Sewer Cleaning,19144382877,4.0,2,,,,,,,,
Plumber 10039,Overall Renovation - Harlem,17187150472,4.9,13,https://overallrenovation.com/harlem-location-overall-renovation/,"231 W 149th St #5E, New York, NY 10039, United States",231 W 149th St # 5E,New York,NY,10039,,United States
Plumber 10039,Centric Plumbing & Heating,,5.0,4,http://www.centricplumbingandheating.com/,,,,,,,
Plumber 10040,Controlled Plumbing Corporation Inc,17183679800,3.0,2,,"2377 Washington Ave, Bronx, NY 10458, United States",2377 Washington Ave,Bronx,NY,10458,,United States
Plumber 10040,Allstate Plumbing And Heating,19142464262,5.0,14,http://www.allstateplumbingheating.com/,,,,,,,
Plumber 10040,Pitbull Sewer and Drain,12014028912,5.0,60,http://www.plumberbergenfield.com/,,,,,,,
Plumber 10037,Budget Plumbing & Heating,17188296900,4.2,50,http://www.budgetplumbingnyc.com/,"1706 Bronxdale Ave, Bronx, NY 10462, United States",1706 Bronxdale Ave,Bronx,NY,10462,,United States
Plumber 10037,Neighborhood Plumbing & Drain Cleaning,17188485654,5.0,15,https://www.neighborhooddraincleaning.com/,,,,,,,
Plumber 10039,"DNA Plumbing Contractors, Inc.",17182042121,4.0,4,http://dnaplumbing.nyc/,,,,,,,
Plumber 10039,Team Handy Dan,16157978124,5.0,109,https://handy-man-nyc.com/,,,,,,,
Plumber 10038,Aneri Plumbing,,5.0,1,,"86 Wall St, New York, NY 10005, United States",86 Wall St,New York,NY,10005,,United States
Plumber 10039,Castelan's Plumbing,17184041366,,,,,,,,,,
Plumber 10039,Premium Sewer & Drain,17188441562,3.0,2,https://premium-sewer-drain-llc.business.site/?m%3Dtrue,,,,,,,
Plumber 10038,1 Day Plumbing,12129371106,5.0,1,,"202 Canal St, New York, NY 10013, United States",202 Canal St,New York,NY,10013,,United States
Plumber 10037,All Phase Plumbing & Rooter,17186410902,4.9,11,http://www.allphaseplumbers.com/,,,,,,,
Plumber 10040,Vinny's Pipe Repair & Drain Cleaning,16469384496,5.0,5,https://www.homeadvisor.com/rated.VinnysPipeRepair.41742850.html,,,,,,,
Plumber 10034,All County Sewer and Drain Inc.,18008343102,4.4,89,https://www.allcountysewerdraininc.com/,"879 Whittier St, Bronx, NY 10474, United States",879 Whittier St,Bronx,NY,10474,,United States
Plumber 10034,Bronx Plumbing & Drain,13152018365,4.9,65,https://bronx-plumbing-drain.business.site/?utm_source%3Dgmb%26utm_medium%3Dreferral,"585 W 235th St, Bronx, NY 10463, United States",585 W 235th St,Bronx,NY,10463,,United States
Plumber 10034,E & E Mechanical Services Inc.,12124666460,5.0,9,,"664 W 163rd St, New York, NY 10032, United States",664 W 163rd St,New York,NY,10032,,United States
Plumber 10034,"Express Sewer, Drain Cleaning & Repairs Inc .",17182132865,5.0,335,,"810 Mace Ave, Bronx, NY 10467, United States",810 Mace Ave,Bronx,NY,10467,,United States
Plumber 10039,James DeStasio Sewer & Drain Service,17189041533,,,,,,,,,,
Plumber 10035,Drain Kleen Sewer Services Inc,12123481500,3.8,15,,"2290 2nd Ave, New York, NY 10035, United States",2290 2nd Ave,New York,NY,10035,,United States
Plumber 10037,Xander Heating and Plumbing,16466815927,4.4,32,,"320 Malcolm X Blvd, New York, NY 10027, United States",320 Malcolm X Blvd,New York,NY,10027,,United States
Plumber 10037,Plumbing,,,,,"415 W 150th St, New York, NY 10031, United States",415 W 150th St,New York,NY,10031,,United States
Plumber 10037,Ultra Plumbing,17188281952,4.5,8,http://www.ultraplumbing.net/,"2024 Williamsbridge Rd, Bronx, NY 10461, United States",2024 Williamsbridge Rd,Bronx,NY,10461,,United States
Plumber 10040,Lopez Plumbing & Heating Mechanical LLC,16467656232,5.0,39,http://lopezplumbing.com/,"530 W 144th St, New York, NY 10031, United States",530 W 144th St,New York,NY,10031,,United States
Plumber 10034,Tristate Plumbing,12125630341,3.9,16,http://triplumbing.com/,"1431 Cromwell Ave, Bronx, NY 10452, United States",1431 Cromwell Ave,Bronx,NY,10452,,United States
Plumber 10034,Omnia Mechanical Group,12127225506,4.7,111,http://www.omniagroup.nyc/,"571 Timpson Pl, Bronx, NY 10455, United States",571 Timpson Pl,Bronx,NY,10455,,United States
Plumber 10034,Mr. Plumber Inc.,13475655130,5.0,207,https://mrplumber.nyc/,"803 Vincent Ave, Bronx, NY 10465, United States",803 Vincent Ave,Bronx,NY,10465,,United States
Plumber 10034,Proflow Plumbing and Heating Corp.,19145137667,5.0,11,http://proflowny.com/,"77 Bronx River Rd Apt. 2B, Yonkers, NY 10704, United States",77 Bronx River Rd Apt. 2B,Yonkers,NY,10704,,United States
Plumber 10035,Ferguson Plumbing Supply,12123692000,3.9,31,https://www.ferguson.com/store/ny/new%2Byork/plumbingpvf-2624?utm_source%3Dgoogle%26utm_medium%3Dorganic%26utm_campaign%3Drt_lis_listingtraffic%26utm_content%3Dlisting,"207 E 119th St, New York, NY 10035, United States",207 E 119th St,New York,NY,10035,,United States
Plumber 10034,Bruckner Plumbing Ltd,17189914525,3.3,3,,"1419 Inwood Ave, Bronx, NY 10452, United States",1419 Inwood Ave,Bronx,NY,10452,,United States
Plumber 10034,RR Plumbing Roto-Rooter,17185029210,4.7,968,https://www.rotorooter.com/bronxny/?utm_source%3Dgoogle%26utm_medium%3Dorganic%26utm_campaign%3Dgmb%26utm_content%3Dwebsite,"1111 Calhoun Ave Ste 5, Bronx, NY 10465, United States",1111 Calhoun Ave Ste 5,Bronx,NY,10465,,United States
Plumber 10037,"Navicar Plumbing, Inc",13472331074,4.8,6,,,,,,,,
Plumber 10040,Gorman Park Plumbing and Heating,12122931562,3.1,9,,"621 W 188th St, New York, NY 10040, United States",621 W 188th St,New York,NY,10040,,United States
Plumber 10034,Need A Plumber NY,17185490206,,,,"3014 Riverdale Ave, Bronx, NY 10463, United States",3014 Riverdale Ave,Bronx,NY,10463,,United States
Plumber 10036,Kim Silva,,,,http://okimsilva.com.br/,"552 W 48th St, New York, NY 10036, United States",552 W 48th St,New York,NY,10036,,United States
Plumber 10035,Martin Luther King Blvd Plumbing and Heating.,12123772724,,,,"40 E 126th St, New York, NY 10035, United States",40 E 126th St,New York,NY,10035,,United States
Plumber 10034,Central Plumbing Specialties,17187989799,4.4,34,http://www.centralplumbingspec.com/,"3619 White Plains Rd, Bronx, NY 10467, United States",3619 White Plains Rd,Bronx,NY,10467,,United States
Plumber 10034,Alan Rosenberg Inc.,17182955252,4.0,4,,"2304 Jerome Ave, Bronx, NY 10468, United States",2304 Jerome Ave,Bronx,NY,10468,,United States
Plumber 10034,Vitello Sewer Water Main Heating,17188812473,4.6,7,,"741 E 215th St, Bronx, NY 10467, United States",741 E 215th St,Bronx,NY,10467,,United States
Plumber 10034,Express Plumbing Sewer & Water Main Corp.,,5.0,5,http://www.expressplumbingny.com/,"1178 E 180th St, Bronx, NY 10460, United States",1178 E 180th St,Bronx,NY,10460,,United States
Plumber 10036,worktecheg,,,,http://worktecheg.com/,"552 W 48th St, New York, NY 10036, United States",552 W 48th St,New York,NY,10036,,United States
Plumber 10034,Roto-Rooter Plumbing & Water Cleanup,19149204827,4.7,"1,241",https://www.rotorooter.com/yonkersny/?utm_source%3Dgoogle%26utm_medium%3Dorganic%26utm_campaign%3Dgmb%26utm_content%3Dwebsite,"3 Alan B Shepard Jr Pl Ste A, Yonkers, NY 10705, United States",3 Alan B Shepard Jr Pl Ste A,Yonkers,NY,10705,,United States
Plumber 10034,Rooter Express Sewer and Drain Cleaning Corp.,19174184560,4.9,31,https://nycrooterexpress.com/,"2126 Bogart Ave, Bronx, NY 10462, United States",2126 Bogart Ave,Bronx,NY,10462,,United States
Plumber 10036,Gaby Gas,,,,http://gabygasmedellin.com/,"552 W 48th St, New York, NY 10036, United States",552 W 48th St,New York,NY,10036,,United States
Plumber 10036,Rivera Harold,12123977574,5.0,1,,"520 W 47th St, New York, NY 10036, United States",520 W 47th St,New York,NY,10036,,United States
Plumber 10035,Mp Nyc Plumbers,12124571670,1.0,1,,"112 E 112th St, New York, NY 10029, United States",112 E 112th St,New York,NY,10029,,United States
Plumber 10034,West 238th St Plumbing and Heating,13476073792,1.0,2,http://west238thstplumbingandheating.info/,"222 W 238th St, Bronx, NY 10463, United States",222 W 238th St,Bronx,NY,10463,,United States
Plumber 10035,Sandy's Plumbing & Heating Co,12124756510,5.0,4,,"750 E 133rd St, Bronx, NY 10454, United States",750 E 133rd St,Bronx,NY,10454,,United States
Plumber 10034,Electric Sewer & Drain Services- ES&DS,17188637144,4.9,105,http://electricseweranddrain.com/,"2281 Westchester Ave, Bronx, NY 10462, United States",2281 Westchester Ave,Bronx,NY,10462,,United States
Plumber 10034,Flotechs Plumbing & Heating,,4.6,126,https://flotechsplumbing.com/,"24 Gaffney Pl, Yonkers, NY 10704, United States",24 Gaffney Pl,Yonkers,NY,10704,,United States
Plumber 10034,Glashow,17184328600,3.4,9,,"3462 Bailey Ave, Bronx, NY 10463, United States",3462 Bailey Ave,Bronx,NY,10463,,United States
Plumber 10029,Central Plumbing Specialities,12127222975,4.4,44,http://www.centralplumbingspec.com/,"1250 Park Ave, New York, NY 10029, United States",1250 Park Ave,New York,NY,10029,,United States
Plumber 10029,Root Tech Sewer & Drain Liners,12125889092,3.0,2,,"102 E 103rd St #11, New York, NY 10029, United States",102 E 103rd St # 11,New York,NY,10029,,United States
Plumber 10029,Cosme Plumbing & Heating Corporation,12128288860,5.0,3,,"420 E 111th St, New York, NY 10029, United States",420 E 111th St,New York,NY,10029,,United States
Plumber 10034,Bailey Plumbing and Heating,13476073020,,,http://baileyplumbingandheating.info/contactus.html,"2800 Bailey Ave, Bronx, NY 10463, United States",2800 Bailey Ave,Bronx,NY,10463,,United States
Plumber 10034,West 183rd St Plumbing and Heating,17189242707,1.0,1,http://www.west183rdstplumbingandheating.info/,"32 W 183rd St, Bronx, NY 10453, United States",32 W 183rd St,Bronx,NY,10453,,United States
Plumber 10034,Preferred Mechanical,17186014470,4.0,2,,"3129 Bailey Ave, Bronx, NY 10463, United States",3129 Bailey Ave,Bronx,NY,10463,,United States
Plumber 10027,Best Plumber New York,13155954409,5.0,2,https://best-plumber-new-york.business.site/?utm_source%3Dgmb%26utm_medium%3Dreferral,"1409 Amsterdam Ave, New York, NY 10027, United States",1409 Amsterdam Ave,New York,NY,10027,,United States
Plumber 10034,J G Murphy Plumbing & Heating,17185480718,5.0,1,,"3150 Albany Crescent #2, Bronx, NY 10463, United States",3150 Albany Crescent # 2,Bronx,NY,10463,,United States
Plumber 10029,Saks Plumbing & Heating Corporation,12122892170,1.0,1,,"303 E 111th St, New York, NY 10029, United States",303 E 111th St,New York,NY,10029,,United States
Plumber 10034,Empire Sewer and Water Inc,17187154763,4.8,165,http://www.empiresewerandwater.com/,"3321 De Lavall Ave, Bronx, NY 10475, United States",3321 De Lavall Ave,Bronx,NY,10475,,United States
Plumber 10034,BMT plumbing & heating llc,17188221057,5.0,5,,"1408 Seabury Ave, Bronx, NY 10461, United States",1408 Seabury Ave,Bronx,NY,10461,,United States
Plumber 10030,"In & Out Construction, LLC",19176421804,4.8,11,https://inandoutnyc.net/,,,,,,,
Plumber 10034,Rugova group LLC,,,,https://rugovagroup.com/,"3265 Johnson Ave STE 205, Bronx, NY 10463, United States",3265 Johnson Ave STE 205,Bronx,NY,10463,,United States
Plumber 10029,Active Handyman Services NYC,19293571630,5.0,30,https://www.activehandymanservicesnyc.com/,"1485 Park Ave #15F, New York, NY 10029, United States",1485 Park Ave # 15F,New York,NY,10029,,United States
Plumber 10030,Gp Handyman Renovations,13474880159,5.0,45,https://citylocal101.com/cl04216-handyman-services-bronx-ny,,,,,,,
Plumber 10027,0 & 0 & 01 Hour A Emergency 1,16465092136,5.0,1,,"1453 Amsterdam Ave, New York, NY 10027, United States",1453 Amsterdam Ave,New York,NY,10027,,United States
Plumber 10027,Giachetti Plumbing & Heating,16465323696,5.0,1,,"58 Tiemann Pl, New York, NY 10027, United States",58 Tiemann Pl,New York,NY,10027,,United States
Plumber 10034,J J Plumbing,17182923323,3.0,3,,"1152 Longfellow Ave, Bronx, NY 10459, United States",1152 Longfellow Ave,Bronx,NY,10459,,United States
Plumber 10034,Morris Plumbing & Heating,17189242706,1.0,1,http://morrisplumbingandheating.info/,"2258 Morris Ave, Bronx, NY 10453, United States",2258 Morris Ave,Bronx,NY,10453,,United States
Plumber 10029,East Harlem Plumbing and Heating,12122931494,,,http://www.eastharlemplumbingandheating.info/contactus.html,"224 E 116th St, New York, NY 10029, United States",224 E 116th St,New York,NY,10029,,United States
Plumber 10036,Reel360,,,,http://reel360.store/,"552 W 48th St, New York, NY 10036, United States",552 W 48th St,New York,NY,10036,,United States
Plumber 10029,7DAY Always,16465092079,,,,"144 E 112th St, New York, NY 10029, United States",144 E 112th St,New York,NY,10029,,United States
Plumber 10036,Agmyren,,,,http://agemyren.com/,"552 W 48th St, New York, NY 10036, United States",552 W 48th St,New York,NY,10036,,United States
Plumber 10027,West Side Drive Plumbing and Heating .,12122931597,,,http://www.westsidedriveplumbingandheating.info/contactus.html,"1346 Amsterdam Ave, New York, NY 10027, United States",1346 Amsterdam Ave,New York,NY,10027,,United States
Plumber 10027,Robert W Parchment Plumbing & Heating,12126942537,5.0,1,http://www.parchmentplumbing.com/,"3281 Broadway, New York, NY 10027, United States",3281 Broadway,New York,NY,10027,,United States
Plumber 10036,Bannister Plumbing and Heating Service,12122930888,,,http://www.bannisterplumbingandheatingservice.info/contactus.php,"110 W 51st St, New York, NY 10020, United States",110 W 51st St,New York,NY,10020,,United States
Plumber 10036,Jay Ell Plumbing & Heating Inc,12129896670,3.7,3,,"307 7th Ave, New York, NY 10001, United States",307 7th Ave,New York,NY,10001,,United States
Plumber 10036,Etrack IoT,,,,,"552 W 48th St, New York, NY 10036, United States",552 W 48th St,New York,NY,10036,,United States
Plumber 10034,Green Apple Mechanical Plumbing Heating & Cooling Edgewater,12016300108,5.0,14,https://www.greenapplemechanical.com/plumbing-heating-air-conditioning-services-in-edgewater-new-jersey/,"22 Hudson Terrace, Edgewater, NJ 07020, United States",22 Hudson Terrace,Edgewater,NJ,07020,,United States
Plumber 10034,Sure-Rooter,16462354156,,,,"1852 Dr M.L.K. Jr Blvd, Bronx, NY 10453, United States",1852 Dr M.L.K. Jr Blvd,Bronx,NY,10453,,United States
Plumber 10034,Express Plumbing Sewer and Water Main Corp,17182313663,2.5,17,,"781 Van Nest Ave, Bronx, NY 10462, United States",781 Van Nest Ave,Bronx,NY,10462,,United States
Plumber 10034,Plumbing Works Corp,13479786333,5.0,5,http://www.plumbingworksny.com/,"2319 Tiemann Ave, Bronx, NY 10469, United States",2319 Tiemann Ave,Bronx,NY,10469,,United States
Plumber 10027,KLV Handyman Of Manhattan,16464917957,4.8,18,,"301 W 130th St #3f, New York, NY 10027, United States",301 W 130th St # 3f,New York,NY,10027,,United States
Plumber 10034,Matisoff Plumbing & Heating Co,17182318100,3.4,9,,"1103 E Gun Hill Rd, Bronx, NY 10469, United States",1103 E Gun Hill Rd,Bronx,NY,10469,,United States
Plumber 10034,New York City Water Works,12125673300,5.0,7,http://www.nycwaterworks.com/,"816 E 140th St, Bronx, NY 10454, United States",816 E 140th St,Bronx,NY,10454,,United States
Plumber 10036,American Leak Detection New York,19175127126,4.0,4,https://www.americanleakdetection.com/new-york-city/,"501 5th Ave, New York, NY 10017, United States",501 5th Ave,New York,NY,10017,,United States
Plumber 10036,Woosh Pipe and Drain Company,16467260025,5.0,33,http://www.wooshdrain.com/,"Broadway and, Crescent St, Astoria, NY 11106, United States","Broadway and, Crescent St",Astoria,NY,11106,,United States
Plumber 10034,TP Plumbing LLC,12018393232,4.8,31,http://www.tpplumbingllc.com/,"16 Paulison Ave Unit 3, Ridgefield Park, NJ 07660, United States",16 Paulison Ave Unit 3,Ridgefield Park,NJ,07660,,United States
Plumber 10029,Streetwise New York Plumbing & Drain Cleaning,17185689024,,,https://streetwise-new-york-plumbing-drain-cleaning.business.site/?utm_source%3Dgmb%26utm_medium%3Dreferral,"New York, NY 10029, United States",,New York,NY,10029,,United States
Plumber 10034,CBB Plumbing Corp.,12129298686,4.2,5,https://www.cbbplumbing.com/,"2705 Wilson Ave, Bronx, NY 10469, United States",2705 Wilson Ave,Bronx,NY,10469,,United States
Plumber 10034,"THOR PLUMBING, HEATING & DRAIN SPECIALIST INC",19142373494,5.0,8,,"15 Springer Ave, Yonkers, NY 10704, United States",15 Springer Ave,Yonkers,NY,10704,,United States
Plumber 10034,MJ Plumbing Heating Cooling,19149400071,4.9,88,http://www.mjplumbingllc.com/,"421 Fifth Ave, Village of Pelham, NY 10803, United States",421 Fifth Ave,Village of Pelham,NY,10803,,United States
Plumber 10034,All City Water & Sewer Corp,17183573831,5.0,16,https://www.homeadvisor.com/rated.AllCityWaterandSewer.113672728.html,"1508 Stillwell Ave, Bronx, NY 10461, United States",1508 Stillwell Ave,Bronx,NY,10461,,United States
Plumber 10034,M&M Mechanical Heating & Piping,16465251762,5.0,2,http://mmmechanicalheatingpiping.org/,"1178 E 180th St, Bronx, NY 10460, United States",1178 E 180th St,Bronx,NY,10460,,United States
Plumber 10036,Port Authority Plumbing and Heating .,12123772812,,,http://portauthorityplumbingandheating.info/contactus.html,"630 9th Ave, New York, NY 10036, United States",630 9th Ave,New York,NY,10036,,United States
Plumber 10036,Westside Plumbing and Heating .,12122931600,,,http://www.westsideplumbingandheating.info/contactus.html,"414 W 42nd St, New York, NY 10036, United States",414 W 42nd St,New York,NY,10036,,United States
Plumber 10036,Brand Name,,,,,"552 W 48th St, New York, NY 10036, United States",552 W 48th St,New York,NY,10036,,United States
Plumber 10036,Tri-C Mechanical,15166160160,,,,"610 11th Ave, New York, NY 10036, United States",610 11th Ave,New York,NY,10036,,United States
Plumber 10036,ALQAISAR,201093451847,,,,"552 W 48th St, New York, NY 10036, United States",552 W 48th St,New York,NY,10036,,United States
Plumber 10036,Zara Plumbing Corp,12126470336,4.0,4,,"450 Lexington Ave, New York, NY 10017, United States",450 Lexington Ave,New York,NY,10017,,United States
Plumber 10036,ABU TRADERS,,,,http://abutraders.in/,"552 W 48th St, New York, NY 10036, United States",552 W 48th St,New York,NY,10036,,United States
Plumber 10029,Zefi Mechanical,12128600451,4.1,8,,"420 E 111th St, New York, NY 10029, United States",420 E 111th St,New York,NY,10029,,United States
Plumber 10036,Linksys,,,,,"552 W 48th St, New York, NY 10036, United States",552 W 48th St,New York,NY,10036,,United States
Plumber 10036,theindianguide,,,,,"552 W 48th St, New York, NY 10036, United States",552 W 48th St,New York,NY,10036,,United States
Plumber 10036,fahimcorp,8801567819367,,,,"552 W 48th St, New York, NY 10036, United States",552 W 48th St,New York,NY,10036,,United States
Plumber 10036,arreglare spacios,,,,,"552 W 48th St, New York, NY 10036, United States",552 W 48th St,New York,NY,10036,,United States
Plumber 10036,Geoffrey A Lagas & Associates,12125867065,,,https://lagas.com/about.htm,"45 Rockefeller Plaza, New York, NY 10111, United States",45 Rockefeller Plaza,New York,NY,10111,,United States
Plumber 10036,T J O'Grady Plumbing & Heating,12125417786,,,,"162 W 54th St, New York, NY 10019, United States",162 W 54th St,New York,NY,10019,,United States
Plumber 10022,0 & 0 & 01 Hour A,16465092176,,,,"488 Madison Ave, New York, NY 10022, United States",488 Madison Ave,New York,NY,10022,,United States
Plumber 10020,Stivan Plumbing & Heating Co,17185457750,4.2,42,http://www.stivanplumbing.com/,"4216 28th Ave # C, Long Island City, NY 11103, United States",4216 28th Ave # C,Long Island City,NY,11103,,United States
Plumber 10019,52nd Street Plumbing and Heating,12122930496,,,,"240 W 52nd St, New York, NY 10019, United States",240 W 52nd St,New York,NY,10019,,United States
Plumber 10023,"73rd Street Hardware, Inc.",12123623555,4.4,41,https://73rdstreethardware.net/,"65 W 73rd St #1, New York, NY 10023, United States",65 W 73rd St # 1,New York,NY,10023,,United States
Plumber 10023,D&R NYC Construction services,19147046344,5.0,8,http://dandrnyc.com/,"55 Central Park W, New York, NY 10023, United States",55 Central Park W,New York,NY,10023,,United States
Plumber 10026,Upper Manhattan Handyman Services,13476997735,5.0,21,,"157 W 119th St Apt 7, New York, NY 10026, United States",157 W 119th St Apt 7,New York,NY,10026,,United States
Plumber 10020,M & M Plumbing & Heating,17187520083,3.9,18,http://www.mmplumbingny.com/,"4319 Vernon Blvd, Long Island City, NY 11101, United States",4319 Vernon Blvd,Long Island City,NY,11101,,United States
Plumber 10023,HAYS NYC,16468755050,5.0,2,https://www.hays-nyc.com/,"115 W 74th St, New York, NY 10023, United States",115 W 74th St,New York,NY,10023,,United States
Plumber 10018,"Gold Star Plumbing, Heating, & Cooling",15164023729,4.7,588,https://goldstar-plumbing.com/,"200 Engineers Dr, Hicksville, NY 11801, United States",200 Engineers Dr,Hicksville,NY,11801,,United States
Plumber 10017,Plumbing Installation Services,12123773049,,,http://unitednationplumbingandheating.info/contactus.html,"160 E 44th St, New York, NY 10017, United States",160 E 44th St,New York,NY,10017,,United States
Plumber 10018,Amtech cooling and heating,12122692229,4.3,32,http://www.amtechairny.com/,"515 9th Ave, New York, NY 10018, United States",515 9th Ave,New York,NY,10018,,United States
Plumber 10017,BlueSky Midtown Handyman Same-Day Service,19295476176,4.9,47,https://www.blueskymidtownhandyman.com/,"224 E 47th St #1055, New York, NY 10017, United States",224 E 47th St # 1055,New York,NY,10017,,United States
Plumber 10016,24/7 Manhattan Heating & Air Conditioning Repairs Â®,16467871064,4.4,7,,"180 Madison Ave, New York, NY 10016, United States",180 Madison Ave,New York,NY,10016,,United States
Plumber 10022,Quix Plumbing Service,18885667849,4.9,517,https://www.quixservice.com/,"1254 Utica Ave, Brooklyn, NY 11203, United States",1254 Utica Ave,Brooklyn,NY,11203,,United States
Plumber 10019,WDF Inc.,12122452180,3.0,1,https://www.wdfinc.net/,"860 11th Ave, New York, NY 10019, United States",860 11th Ave,New York,NY,10019,,United States
Plumber 10019,Terminal 5 Plumbing and Heating .,12123772998,,,http://terminal5plumbingandheating.info/contactus.html,"858 10th Ave, New York, NY 10019, United States",858 10th Ave,New York,NY,10019,,United States
Plumber 10022,Master Plumbing & Heating,17185457616,4.4,13,https://www.masterplumbingnyc.com/,"25-18 50th St, Queens, NY 11377, United States",25-18 50th St,Queens,NY,11377,,United States
Plumber 10016,Flat Rate Construction,16469702157,5.0,5,,"295 5th Ave, New York, NY 10016, United States",295 5th Ave,New York,NY,10016,,United States
Plumber 10017,Stellar Hardware & Bath,12129702777,4.1,9,https://stellarhardwareandbath.com/,"900 2nd Ave, New York, NY 10017, United States",900 2nd Ave,New York,NY,10017,,United States
Plumber 10022,"Kew Forest Plumbing & Heating, Inc.",17184560800,4.3,73,http://www.kewforestplumbing.com/,"70-02 70th Ave, Queens, NY 11385, United States",70-02 70th Ave,Queens,NY,11385,,United States
Plumber 10018,Order a Plumber Inc.,16312340687,4.8,469,https://www.orderaplumber.com/,"2871 Sunrise Hwy, Islip Terrace, NY 11752, United States",2871 Sunrise Hwy,Islip Terrace,NY,11752,,United States
Plumber 10018,Ella Studio Inc,12123025589,,,,"327 W 36th St. #3f, New York, NY 10018, United States",327 W 36th St. # 3f,New York,NY,10018,,United States
Plumber 10019,Time Square Plumbing and Heating.,12123773004,1.0,1,http://timplumbingandheating.info/,"320 W 46th St, New York, NY 10036, United States",320 W 46th St,New York,NY,10036,,United States
search_keyword,Company Name,Company Phone,Rating,Review,Company Website,Company Address,address1,city,state,zip,zip_plus,country
Plumber 10029,Root Tech Sewer & Drain Liners,12125889092,3.0,2,,"102 E 103rd St #11, New York, NY 10029, United States",102 E 103rd St # 11,New York,NY,10029,,United States
Plumber 10029,Mp Nyc Plumbers,12124571670,1.0,1,,"112 E 112th St, New York, NY 10029, United States",112 E 112th St,New York,NY,10029,,United States
Plumber 10002,WaterHouse Plumbing Company,12127773003,4.6,20,https://waterhouse.nyc/,"171 Attorney St, New York, NY 10002, United States",171 Attorney St,New York,NY,10002,,United States
Plumber 10034,Water Flow Plumbing & Heating LLC,12018950032,5.0,116,https://www.instagram.com/waterflowplumbingllc/,,,,,,,
Plumber 10034,Bronx Plumbing & Drain,13152018365,4.9,66,https://bronx-plumbing-drain.business.site/?utm_source%3Dgmb%26utm_medium%3Dreferral,"585 W 235th St, Bronx, NY 10463, United States",585 W 235th St,Bronx,NY,10463,,United States
Plumber 10028,Emg Plumber NYC,16467360050,,,,,,,,,,
Plumber 10021,Pipe Monkeys Sewer and Drain,17187491830,4.9,55,https://pipemonkeys.com/,,,,,,,
Plumber 10022,RXP Plumbing & Heating,16469163758,5.0,26,,"70 E 55th St, New York, NY 10022, United States",70 E 55th St,New York,NY,10022,,United States
Plumber 10022,ADV Mechanical Services,15512982756,5.0,90,https://advmechanicalservices.com/,"445 Park Ave, Manhattan, NY 10022, United States",445 Park Ave,Manhattan,NY,10022,,United States
Plumber 10026,"VP's Plumbing, Heating & Air",19143138530,5.0,2,https://www.vps-plumbing.com/bronx-new-york/?utm_source%3DGMB%26utm_medium%3Dorganic%26utm_campaign%3Dbronx,,,,,,,
Plumber 10286,Mahir Company,03096661919,3.9,648,https://mahircompany.com/,"Johar, 26-A, J 3 Block Block J 3 Phase 2 Town, Lahore, Punjab 54000","Johar, 26-A, J 3 Block Block J 3 Phase 2 Town",Lahore,Punjab,54000,,
Plumber 10034,Rooter Express Sewer and Drain Cleaning Corp.,19174184560,4.9,32,https://nycrooterexpress.com/,"2126 Bogart Ave, Bronx, NY 10462, United States",2126 Bogart Ave,Bronx,NY,10462,,United States
Plumber 10034,F & V Mechanical Plumbing,12125698262,,,,"129 Hillside Ave, New York, NY 10040, United States",129 Hillside Ave,New York,NY,10040,,United States
Plumber 10034,Tristate Plumbing,12125630341,3.9,16,http://triplumbing.com/,"1431 Cromwell Ave, Bronx, NY 10452, United States",1431 Cromwell Ave,Bronx,NY,10452,,United States
Plumber 10034,Proflow Plumbing and Heating Corp.,19145137667,5.0,11,http://proflowny.com/,"77 Bronx River Rd Apt. 2B, Yonkers, NY 10704, United States",77 Bronx River Rd Apt. 2B,Yonkers,NY,10704,,United States
Plumber 10034,Omnia Mechanical Group,12127225506,4.7,112,http://www.omniagroup.nyc/,"571 Timpson Pl, Bronx, NY 10455, United States",571 Timpson Pl,Bronx,NY,10455,,United States
Plumber 10034,Mr. Plumber Inc.,13475655130,5.0,207,https://mrplumber.nyc/,"803 Vincent Ave, Bronx, NY 10465, United States",803 Vincent Ave,Bronx,NY,10465,,United States
Plumber 10026,New York Repairs LLC,13474287980,5.0,6,,,,,,,,
Plumber 10034,RR Plumbing Roto-Rooter,17185029210,4.7,969,https://www.rotorooter.com/bronxny/?utm_source%3Dgoogle%26utm_medium%3Dorganic%26utm_campaign%3Dgmb%26utm_content%3Dwebsite,"1111 Calhoun Ave Ste 5, Bronx, NY 10465, United States",1111 Calhoun Ave Ste 5,Bronx,NY,10465,,United States
Plumber 10026,Absolute Plumbing Heating Inc,12122813385,5.0,4,,"2809 Frederick Douglass Blvd S, New York, NY 10039, United States",2809 Frederick Douglass Blvd S,New York,NY,10039,,United States
Plumber 10021,AAA American Best,17186001108,5.0,8,,,,,,,,
Plumber 10021,A&B Sewer Solutions,13475836095,4.5,25,http://www.absewersolutions.com/,,,,,,,
Plumber 10021,Ste Brooklyn Drain Clean & Plumbing,13322663788,5.0,37,https://brooklyndraincleanplumber.business.site/?utm_source%3Dgmb%26utm_medium%3Dreferral,,,,,,,
Plumber 10021,24 Hour Plumber NYC,16466936598,4.2,10,,"101 Lexington Ave, New York, NY 10016, United States",101 Lexington Ave,New York,NY,10016,,United States
Plumber 10034,Allstate Plumbing And Heating,19142464262,5.0,14,http://www.allstateplumbingheating.com/,,,,,,,
Plumber 10034,"DNA Plumbing Contractors, Inc.",17182042121,4.0,4,http://dnaplumbing.nyc/,,,,,,,
Plumber 10026,Crown Plumbing Inc,12124266282,3.0,2,,"185 E 123rd St, New York, NY 10035, United States",185 E 123rd St,New York,NY,10035,,United States
Plumber 10026,Racso Plumbing & Heating LLC,18777921080,4.9,50,https://www.racsoplumbing.com/,,,,,,,
Plumber 10026,Sandy's Plumbing & Heating Co,12124756510,,,,"750 W 133rd St, New York, NY 10027, United States",750 W 133rd St,New York,NY,10027,,United States
Plumber 10026,G's Plumbing,13474992583,,,,,,,,,,
Plumber 10026,P & H Unlimited Plumbing and Heating,12013977287,5.0,8,https://phunlimited.com/,,,,,,,
Plumber 10034,Rudi's Mechanical LLC,19144197657,5.0,4,http://rudismechanicallc.com/,,,,,,,
Plumber 10034,Need A Plumber NY,17185490206,,,,"3014 Riverdale Ave, Bronx, NY 10463, United States",3014 Riverdale Ave,Bronx,NY,10463,,United States
Plumber 10034,"A.D.S. Plumbing, Inc.",18003746345,3.4,17,,,,,,,,
Plumber 10034,Sewer & Drain Dynasty llc,13479224025,5.0,7,https://sewer-drain-dynasty.business.site/?utm_source%3Dgmb%26utm_medium%3Dreferral,,,,,,,
Plumber 10034,Clogman Plumbing Heat and Air Conditioning,12016664343,5.0,4,http://clogman.net/,,,,,,,
Plumber 10034,D & G Piping and Sewer Cleaning,19144382877,4.0,2,,,,,,,,
Plumber 10034,Castelan's Plumbing,17184041366,,,,,,,,,,
Plumber 10034,PFL - Plumbing & Heating Services,12015968885,5.0,2,,,,,,,,
Plumber 10026,Nick's Sewage & Drain Cleaning,15512604383,5.0,146,http://www.nickssewageanddraincleaning.com/,,,,,,,
Plumber 10034,nyc plumbing,12122694357,,,,,,,,,,
Plumber 10026,Drain Solver Sewer Drains and Plumbing,13476837992,,,,"295 W 150th St # 46, New York, NY 10039, United States",295 W 150th St # 46,New York,NY,10039,,United States
Plumber 10026,Upper Manhattan Handyman Services,13476997735,5.0,21,,"157 W 119th St Apt 7, New York, NY 10026, United States",157 W 119th St Apt 7,New York,NY,10026,,United States
Plumber 10034,Bronx Emergency Plumbing Squad,13478511424,5.0,2,https://www.emergencyplumbingsquad.com/bronx-plumber,,,,,,,
Plumber 10034,West 238th St Plumbing and Heating,13476073792,1.0,2,http://west238thstplumbingandheating.info/,"222 W 238th St, Bronx, NY 10463, United States",222 W 238th St,Bronx,NY,10463,,United States
Plumber 10034,24/7 Bronx Plumbing NYC,13473772564,3.6,14,http://247bronxplumbingnyc.com/,"50 E 151st St, Bronx, NY 10451, United States",50 E 151st St,Bronx,NY,10451,,United States
Plumber 10034,Centric Plumbing & Heating,,5.0,4,http://www.centricplumbingandheating.com/,,,,,,,
Plumber 10034,Super Service Plumbers Heating and Air Conditioning,12019493990,4.7,16,https://superplumbersnj.com/services/nj/bergen-county/teaneck/,,,,,,,
Plumber 10034,A $69.95 Sewer or Drain,19737441538,4.5,4,,,,,,,,
Plumber 10034,"Agape Air Conditioning, Heating & Plumbing",17183135933,5.0,1,http://www.agapehvac.com/,,,,,,,
Plumber 10034,James DeStasio Sewer & Drain Service,17189041533,,,,,,,,,,
Plumber 10034,General Drains LLC,13478035355,5.0,2,,,,,,,,
Plumber 10034,Pitbull Sewer and Drain,12014028912,5.0,60,http://www.plumberbergenfield.com/,,,,,,,
